1,google.com
2,mail.ru
3,facebook.com
4,microsoft.com
5,apple.com
6,amazonaws.com
7,dzen.ru
8,youtube.com
9,googleapis.com
10,cloudflare.com
11,akamai.net
12,instagram.com
13,twitter.com
14,akamaiedge.net
15,office.com
16,gstatic.com
17,azure.com
18,linkedin.com
19,live.com
20,akadns.net
21,googlevideo.com
22,googletagmanager.com
23,ax-msedge.net
24,apple-dns.net
25,fbcdn.net
26,windowsupdate.com
27,workers.dev
28,amazon.com
29,microsoftonline.com
30,wikipedia.org
31,office.net
32,t-msedge.net
33,trafficmanager.net
34,github.com
35,doubleclick.net
36,googleusercontent.com
37,aaplimg.com
38,fastly.net
39,icloud.com
40,whatsapp.net
41,e2ro.com
42,appsflyersdk.com
43,tiktokcdn.com
44,wordpress.org
45,bing.com
46,sharepoint.com
47,youtu.be
48,netflix.com
49,pinterest.com
50,digicert.com
51,windows.net
52,skype.com
53,l-msedge.net
54,domaincontrol.com
55,yahoo.com
56,dual-s-msedge.net
57,googlesyndication.com
58,whatsapp.com
59,goo.gl
60,adobe.com
61,tiktokv.com
62,roblox.com
63,msn.com
64,spotify.com
65,vimeo.com
66,cloudfront.net
67,a-msedge.net
68,gtld-servers.net
69,tiktok.com
70,bit.ly
71,x.com
72,app-analytics-services.com
73,office365.com
74,gvt1.com
75,cdninstagram.com
76,zoom.us
77,gvt2.com
78,edgekey.net
79,ytimg.com
80,wordpress.com
81,edgesuite.net
82,google-analytics.com
83,mozilla.org
84,ntp.org
85,cloudflare.net
86,snapchat.com
87,opera.com
88,wac-msedge.net
89,gandi.net
90,googleadservices.com
91,qq.com
92,msedge.net
93,yandex.net
94,googledomains.com
95,nic.ru
96,cdn77.org
97,unity3d.com
98,blogspot.com
99,windows.com
100,baidu.com
101,aiv-cdn.net
102,a2z.com
103,rbxcdn.com
104,samsung.com
105,bytefcdn-oversea.com
106,reddit.com
107,intuit.com
108,outlook.com
109,sentry.io
110,vk.com
111,nginx.org
112,amazon-adsystem.com
113,app-measurement.com
114,cloudflare-dns.com
115,ln-msedge.net
116,t.me
117,wa.me
118,nginx.com
119,tiktokcdn-us.com
120,europa.eu
121,gravatar.com
122,criteo.com
123,telekom.de
124,adnxs.com
125,applovin.com
126,dropbox.com
127,apache.org
128,github.io
129,nist.gov
130,ui.com
131,lencr.org
132,epicgames.com
133,msftncsi.com
134,userapi.com
135,health.mil
136,ggpht.com
137,tumblr.com
138,okcdn.ru
139,miit.gov.cn
140,nih.gov
141,gmail.com
142,f5.com
143,cdn-apple.com
144,xiaomi.com
145,nytimes.com
146,pki.goog
147,paypal.com
148,archive.org
149,macromedia.com
150,trbcdn.net
151,rubiconproject.com
152,akamaized.net
153,myfritz.net
154,one.one
155,dns.google
156,ttdns2.com
157,forms.gle
158,3gppnetwork.org
159,meraki.com
160,flickr.com
161,registrar-servers.com
162,aliyuncs.com
163,casalemedia.com
164,steamserver.net
165,adriver.ru
166,imgsmail.ru
167,example.com
168,yandex.ru
169,mzstatic.com
170,cnn.com
171,amazon.dev
172,shifen.com
173,medium.com
174,amazonvideo.com
175,dnsowl.com
176,doubleverify.com
177,wildberries.ru
178,soundcloud.com
179,discord.gg
180,safebrowsing.apple
181,adobe.io
182,nflxso.net
183,kaspersky.com
184,rocket-cdn.com
185,theguardian.com
186,forbes.com
187,taboola.com
188,w3.org
189,capcutapi.com
190,t.co
191,byteoversea.net
192,shopify.com
193,demdex.net
194,azurewebsites.net
195,wsdvs.com
196,comcast.net
197,slack.com
198,ampproject.org
199,ozon.ru
200,mangosip.ru
201,pubmatic.com
202,twitch.tv
203,vungle.com
204,sciencedirect.com
205,msftconnecttest.com
206,bbc.com
207,ebay.com
208,bbc.co.uk
209,chatgpt.com
210,fastly-edge.com
211,godaddy.com
212,webex.com
213,pv-cdn.net
214,creativecommons.org
215,roku.com
216,adtrafficquality.google
217,weather.com
218,jomodns.com
219,b-cdn.net
220,apigee.net
221,netangels.ru
222,sourceforge.net
223,scorecardresearch.com
224,vedcdnlb.com
225,ttvnw.net
226,cedexis.net
227,crashlytics.com
228,mit.edu
229,s-msedge.net
230,cpanel.net
231,miui.com
232,imdb.com
233,omtrdc.net
234,mts.ru
235,spo-msedge.net
236,azurefd.net
237,oracle.com
238,heytapdl.com
239,wikimedia.org
240,researchgate.net
241,salesforce.com
242,canva.com
243,2mdn.net
244,allawnos.com
245,ksyuncdn.com
246,edgecdn.ru
247,temu.com
248,openai.com
249,hubspot.com
250,linktr.ee
251,discord.com
252,youtube-nocookie.com
253,doi.org
254,android.com
255,ivi.ru
256,sc-cdn.net
257,sc-gw.com
258,samsungcloudsolution.com
259,mozilla.com
260,my.com
261,who.int
262,wixsite.com
263,appsflyer.com
264,amazon.co.uk
265,mtgglobals.com
266,cisco.com
267,samsungcloud.com
268,launchdarkly.com
269,hp.com
270,facebook.net
271,adsrvr.org
272,opendns.com
273,nr-data.net
274,tinyurl.com
275,openx.net
276,googleblog.com
277,stripe.com
278,tiktokrow-cdn.com
279,samsungqbe.com
280,media-amazon.com
281,akamaihd.net
282,issuu.com
283,inmobi.com
284,att.com
285,t-mobile.com
286,ubuntu.com
287,tiktokv.us
288,grammarly.com
289,static.microsoft
290,arubanetworks.com
291,cdngslb.com
292,weebly.com
293,steampowered.com
294,msidentity.com
295,launchpad.net
296,shalltry.com
297,appcenter.ms
298,3lift.com
299,spov-msedge.net
300,tradingview.com
301,harvard.edu
302,go.com
303,forter.com
304,reuters.com
305,alibabadns.com
306,www.gov.uk
307,espn.com
308,media.net
309,sharethrough.com
310,bidswitch.net
311,php.net
312,cnbc.com
313,businessinsider.com
314,drom.ru
315,jsdelivr.net
316,dailymail.co.uk
317,cloud.microsoft
318,reg.ru
319,weibo.com
320,booking.com
321,alibaba.com
322,dailymotion.com
323,ipv4only.arpa
324,wiley.com
325,cdc.gov
326,branch.io
327,playstation.net
328,washingtonpost.com
329,googletagservices.com
330,icloud-content.com
331,smartadserver.com
332,ea.com
333,looker.com
334,ibm.com
335,adsafeprotected.com
336,outbrain.com
337,pages.dev
338,netflix.net
339,nature.com
340,wsj.com
341,gosuslugi.ru
342,mi.com
343,aol.com
344,1c.ru
345,douyincdn.com
346,byteglb.com
347,twimg.com
348,etsy.com
349,naver.com
350,checkpoint.com
351,worldfcdn2.com
352,crpt.ru
353,yahoo.co.jp
354,ripn.net
355,browser-intake-datadoghq.com
356,clarity.ms
357,debian.org
358,bloomberg.com
359,tds.net
360,bamgrid.com
361,duckdns.org
362,springer.com
363,zendesk.com
364,slideshare.net
365,un.org
366,kaspersky-labs.com
367,google.de
368,qlivecdn.com
369,wp.com
370,huawei.com
371,myshopify.com
372,xcal.tv
373,gnu.org
374,nease.net
375,moe.video
376,bugsnag.com
377,goskope.com
378,rutube.ru
379,ys7.com
380,deepintent.com
381,pangle.io
382,inner-active.mobi
383,b-msedge.net
384,nasa.gov
385,stanford.edu
386,akam.net
387,pixabay.com
388,tiktokcdn-eu.com
389,ok.ru
390,uber.com
391,indeed.com
392,mcafee.com
393,list-manage.com
394,creativecdn.com
395,indexww.com
396,foxnews.com
397,ibyteimg.com
398,independent.co.uk
399,azureedge.net
400,aliyun.com
401,gcdn.co
402,rambler.ru
403,unsplash.com
404,wyzecam.com
405,cornell.edu
406,xhamster.com
407,bilibili.com
408,nvidia.com
409,scdn.co
410,cmediahub.ru
411,consultant.ru
412,life360.com
413,wbx2.com
414,notamedia.ru
415,hichina.com
416,dnsmadeeasy.com
417,spotifycdn.com
418,salesforceliveagent.com
419,google.co.uk
420,npr.org
421,verisign.com
422,sfx.ms
423,quora.com
424,duckduckgo.com
425,globo.com
426,eventbrite.com
427,entrust.net
428,online-metrix.net
429,mikrotik.com
430,telegram.org
431,dnspod.net
432,sohu.com
433,duolingo.com
434,360yield.com
435,amazon.de
436,telegram.me
437,ttlivecdn.com
438,ngenix.net
439,dns-parking.com
440,telegraph.co.uk
441,id5-sync.com
442,goodreads.com
443,beian.gov.cn
444,teamviewer.com
445,tiktokv.eu
446,liadm.com
447,mediatek.com
448,statista.com
449,vkuser.net
450,steamcommunity.com
451,comcast.com
452,taobao.com
453,walmart.com
454,myhuaweicloud.com
455,plesk.com
456,nstld.com
457,calendly.com
458,dell.com
459,ailawandorder.com
460,giphy.com
461,elasticbeanstalk.com
462,addtoany.com
463,g.page
464,linkos.bg
465,mega.co.nz
466,behance.net
467,force.com
468,aliexpress.com
469,avast.com
470,speedtest.net
471,erome.com
472,kwai.net
473,eset.com
474,hicloud.com
475,usatoday.com
476,cdn20.com
477,wired.com
478,time.com
479,amzn.to
480,gitlab.com
481,blogger.com
482,netease.com
483,autodesk.com
484,cookiedatabase.org
485,scribd.com
486,google.com.br
487,adobedtm.com
488,bytefcdn-ttpeu.com
489,indiatimes.com
490,xiaomi.net
491,adobe.net
492,svc.ms
493,mysql.com
494,installatiegereedschap.nl
495,shein.com
496,rlcdn.com
497,wb.ru
498,line.me
499,stackoverflow.com
500,visualstudio.com
501,mynetname.net
502,name-services.com
503,tp-link.com
504,ft.com
505,wix.com
506,uol.com.br
507,hugedomains.com
508,timeweb.ru
509,att.net
510,alicdn.com
511,yandex.com
512,datadoghq.com
513,deviantart.com
514,imcmdb.net
515,vkontakte.ru
516,trendmicro.com
517,ietf.org
518,tencent-cloud.net
519,nypost.com
520,target.com
521,intel.com
522,vtwenty.com
523,patreon.com
524,google.fr
525,fast.com
526,cnet.com
527,hotjar.com
528,trustpilot.com
529,tripadvisor.com
530,jquery.com
531,berkeley.edu
532,cdnbuild.net
533,awswaf.com
534,imgur.com
535,buzzfeed.com
536,google.co.jp
537,rakuten.co.jp
538,yahoodns.net
539,heytapmobile.com
540,vecdnlb.com
541,docker.com
542,nflxvideo.net
543,amazon.co.jp
544,t-online.de
545,onetrust.com
546,surveymonkey.com
547,amplitude.com
548,cdnvideo.ru
549,impervadns.net
550,yelp.com
551,rt.ru
552,deepl.com
553,ted.com
554,ca.gov
555,ring.com
556,yieldmo.com
557,okta.com
558,squarespace.com
559,ikea.com
560,mobile.de
561,newsweek.com
562,licdn.com
563,awsglobalaccelerator.com
564,bdydns.com
565,atlassian.com
566,avcdn.net
567,aboutads.info
568,playstation.com
569,marriott.com
570,braze.com
571,samsungapps.com
572,britannica.com
573,e-msedge.net
574,conviva.com
575,discord.media
576,wbbasket.ru
577,accuweather.com
578,qualtrics.com
579,oup.com
580,loc.gov
581,rzone.de
582,sberbank.ru
583,easebar.com
584,163.com
585,oraclecloud.com
586,myqcloud.com
587,tandfonline.com
588,merriam-webster.com
589,ovscdns.com
590,cbsnews.com
591,telekom.net
592,apnews.com
593,volcfcdndvs.com
594,livejournal.com
595,rackspace.net
596,hostgator.com
597,live-video.net
598,shutterstock.com
599,wattpad.com
600,sophos.com
601,mailchimp.com
602,lijit.com
603,googlezip.net
604,sina.com.cn
605,optimizely.com
606,nike.com
607,cookielaw.org
608,mozgcp.net
609,cqloud.com
610,root-servers.net
611,bidmachine.io
612,tapad.com
613,sentinelone.net
614,google.ca
615,google.co.in
616,live.net
617,smaato.net
618,chinamobile.com
619,fontawesome.com
620,ups.com
621,free.fr
622,paloaltonetworks.com
623,google.es
624,uk.com
625,warnerbros.com
626,cdnhwc1.com
627,pinimg.com
628,stackadapt.com
629,dynatrace.com
630,agkn.com
631,rackspace.com
632,dotomi.com
633,dbankcloud.com
634,klaviyo.com
635,crwdcntrl.net
636,google.it
637,attn.tv
638,cloudflareinsights.com
639,samsungacr.com
640,brave.com
641,fandom.com
642,cox.net
643,pandora.com
644,worldnic.com
645,aws.dev
646,techcrunch.com
647,ieee.org
648,cursor.sh
649,w3schools.com
650,ks-cdn.com
651,fb-t-msedge.net
652,spaceweb.pro
653,mlb.com
654,usgovcloudapi.net
655,elpais.com
656,newrelic.com
657,360safe.com
658,contentsquare.net
659,intercom.io
660,quantserve.com
661,jotform.com
662,fb.com
663,google.com.hk
664,bidr.io
665,noaa.gov
666,service.gov.uk
667,nel.goog
668,amazon.ca
669,box.com
670,amazon.fr
671,xvideos.com
672,typekit.net
673,avito.ru
674,hihonorcloud.com
675,anydesk.com
676,disneyplus.com
677,amazontrust.com
678,airbnb.com
679,isappcloud.com
680,bsky.app
681,gumgum.com
682,grammarly.io
683,perfectdomain.com
684,onlyfans.com
685,33across.com
686,cambridge.org
687,atlassian.net
688,yimg.com
689,imrworldwide.com
690,viber.com
691,gdemoideti.ru
692,redhat.com
693,withgoogle.com
694,webmd.com
695,1rx.io
696,adform.net
697,myspace.com
698,bitrix24.ru
699,substack.com
700,sapo.pt
701,criteo.net
702,he.net
703,theverge.com
704,mediafire.com
705,threads.net
706,yellowblue.io
707,homedepot.com
708,miwifi.com
709,disqus.com
710,apple.news
711,atomile.com
712,latimes.com
713,lemonde.fr
714,yximgs.com
715,pccc.com
716,herokudns.com
717,nbcnews.com
718,bytefcdn.com
719,networkadvertising.org
720,ya.ru
721,appspot.com
722,investopedia.com
723,allaboutcookies.org
724,people.com
725,g.co
726,pvp.net
727,everesttech.net
728,heylink.me
729,irs.gov
730,prnewswire.com
731,amazon.in
732,wp.pl
733,pendo.io
734,fiverr.com
735,tencent.com
736,zillow.com
737,mgts.ru
738,footprintdns.com
739,unesco.org
740,zemanta.com
741,discordapp.com
742,githubusercontent.com
743,steamstatic.com
744,supercell.com
745,stripchat.com
746,healthline.com
747,google.cn
748,2gis.com
749,xiaohongshu.com
750,contextweb.com
751,blueapron.com
752,a-mo.net
753,sagepub.com
754,usda.gov
755,turn.com
756,washington.edu
757,tplinknbu.com
758,adobedc.net
759,digitalocean.com
760,wshifen.com
761,vivo.com.cn
762,hbr.org
763,zoho.com
764,curseforge.com
765,usps.com
766,nikkei.com
767,mixpanel.com
768,lyanthe.com
769,mayoclinic.org
770,herokuapp.com
771,cdnhwc2.com
772,immedia-semi.com
773,xboxlive.com
774,tremorhub.com
775,fda.gov
776,rbc.ru
777,quickconnect.to
778,typeform.com
779,kargo.com
780,amazon.es
781,amazon.it
782,bandcamp.com
783,singular.net
784,tbcache.com
785,teads.tv
786,liftoff.io
787,upwork.com
788,go-mpulse.net
789,iso.org
790,alidns.com
791,ssl-images-amazon.com
792,360.cn
793,unrulymedia.com
794,adjust.com
795,themeforest.net
796,incapdns.net
797,vivoglobal.com
798,dbankcloud.cn
799,daum.net
800,sportradar.com
801,amazonalexa.com
802,arxiv.org
803,xbox.com
804,lenovo.com
805,onetag-sys.com
806,shopee.com.br
807,globalsign.com
808,name.com
809,monster.ie
810,recaptcha.net
811,primevideo.com
812,news.com.au
813,aniview.com
814,ameblo.jp
815,bluehost.com
816,namestudio.com
817,me.com
818,theatlantic.com
819,capcut.com
820,dbankcloud.ru
821,princeton.edu
822,omnitagjs.com
823,academia.edu
824,stickyadstv.com
825,pbs.org
826,ebay.co.uk
827,fbsbx.com
828,pornhub.com
829,lefigaro.fr
830,btloader.com
831,rspamd.com
832,nationalgeographic.com
833,allegro.pl
834,nintendo.net
835,bankofamerica.com
836,flashtalking.com
837,bootstrapcdn.com
838,shopifysvc.com
839,hindustantimes.com
840,unpkg.com
841,tplinkcloud.com
842,mdpi.com
843,mozilla.net
844,whitehouse.gov
845,firebaseio.com
846,sendbird.com
847,genius.com
848,azure-dns.com
849,bild.de
850,nintendo.com
851,onet.pl
852,markmonitor.com
853,synology.com
854,skyhigh.cloud
855,cloudsink.net
856,aiv-delivery.net
857,gtm-a2b2.com
858,waze.com
859,run.app
860,rapid7.com
861,huffingtonpost.com
862,mailchi.mp
863,netgear.com
864,smartthings.com
865,freepik.com
866,samsungosp.com
867,seznam.cz
868,bestbuy.com
869,change.org
870,discogs.com
871,ip-api.com
872,nest.com
873,clever.com
874,ozone.ru
875,biblegateway.com
876,firefox.com
877,xerox.com
878,redditstatic.com
879,intentiq.com
880,segment.io
881,epa.gov
882,shopeemobile.com
883,lowes.com
884,mckinsey.com
885,microsoftapp.net
886,youku.com
887,worldbank.org
888,otto.de
889,chess.com
890,adblockplus.org
891,chaturbate.com
892,hm.com
893,dribbble.com
894,onesignal.com
895,chartbeat.net
896,litix.io
897,arcgis.com
898,redd.it
899,amazon.com.br
900,state.gov
901,kickstarter.com
902,heytapmobi.com
903,innovid.com
904,samsungcloudsolution.net
905,huffpost.com
906,telephony.goog
907,presage.io
908,pikabu.ru
909,ubnt.com
910,openstreetmap.org
911,pexels.com
912,mgid.com
913,character.ai
914,clevertap-prod.com
915,seedtag.com
916,delfi.lt
917,kick.com
918,mongodb.com
919,cloudns.net
920,repubblica.it
921,microsoftpersonalcontent.com
922,whecloud.com
923,dv.tech
924,moengage.com
925,ohthree.com
926,ebay.de
927,figma.com
928,adobestats.io
929,ad.gt
930,amagi.tv
931,stbid.ru
932,xhscdn.com
933,mercadolivre.com.br
934,inkuai.com
935,redfin.com
936,ubi.com
937,mercadolibre.com.ar
938,kwai-pro.com
939,ryanair.com
940,readthedocs.io
941,gandi-ns.fr
942,corriere.it
943,nexusmods.com
944,amazon.com.au
945,mirtesen.ru
946,kohls.com
947,agora.io
948,dreamhost.com
949,xnxx.com
950,agoda.com
951,columbia.edu
952,ancestry.com
953,eporner.com
954,focus.de
955,pixiv.net
956,python.org
957,kueezrtb.com
958,rayjump.com
959,bing.net
960,binance.com
961,caixa.gov.br
962,elmundo.es
963,sgsnssdk.com
964,gamepass.com
965,va.gov
966,mapbox.com
967,vkuseraudio.net
968,hotmail.com
969,tiqcdn.com
970,firetvcaptiveportal.com
971,statcounter.com
972,4dex.io
973,protek.ru
974,deloitte.com
975,nflximg.com
976,dyndns.org
977,jetbrains.com
978,www.gov.br
979,ipify.org
980,nelreports.net
981,quizlet.com
982,linode.com
983,snapkit.com
984,weforum.org
985,onedrive.com
986,badoo.com
987,i18n-pglstatp.com
988,afternic.com
989,ctdns.cn
990,cloudinary.com
991,costco.com
992,umich.edu
993,msftauth.net
994,split.io
995,xing.com
996,supersonicads.com
997,ezvizlife.com
998,mgslb.com
999,youronlinechoices.com
1000,flipkart.com
1001,moneycontrol.com
1002,asus.com
1003,cbc.ca
1004,tagesschau.de
1005,lavanguardia.com
1006,sedo.com
1007,adsmoloco.com
1008,docomo.ne.jp
1009,dnsv1.com
1010,surfshark.com
1011,1drv.com
1012,eu-1-id5-sync.com
1013,leparisien.fr
1014,olx.com.br
1015,ecosia.org
1016,betweendigital.com
1017,redditmedia.com
1018,google.pl
1019,akaquill.net
1020,note.com
1021,marca.com
1022,kwcdn.com
1023,pusher.com
1024,vidaahub.com
1025,smadex.com
1026,gihc.net
1027,letterboxd.com
1028,bol.com
1029,frontiersin.org
1030,fbpigeon.com
1031,xhamster.desi
1032,lwsdns.com
1033,yukiworks.be
1034,infobae.com
1035,hilton.com
1036,goal.com
1037,kunluncan.com
1038,wikihow.com
1039,garmin.com
1040,liftoff-creatives.io
1041,interia.pl
1042,sportybet.com
1043,sascdn.com
1044,playrix.com
1045,twilio.com
1046,theconversation.com
1047,as.com
1048,ilovepdf.com
1049,kaspi.kz
1050,fastly-masque.net
1051,goo.ne.jp
1052,terra.com.br
1053,trendyol.com
1054,usnews.com
1055,amazon.com.mx
1056,maricopa.gov
1057,ipinfo.io
1058,tsyndicate.com
1059,spankbang.com
1060,igamecj.com
1061,xfinity.com
1062,bfmtv.com
1063,mmcdn.com
1064,economist.com
1065,coupang.com
1066,no-ip.com
1067,ltwebstatic.com
1068,gsmarena.com
1069,ovscdns.net
1070,idnes.cz
1071,app-analytics-services-att.com
1072,company-target.com
1073,ouest-france.fr
1074,hath.network
1075,mtu.ru
1076,exelator.com
1077,ibytedtos.com
1078,domainmarket.com
1079,aparat.com
1080,sonobi.com
1081,businesswire.com
1082,service-now.com
1083,tendawifi.com
1084,fortune.com
1085,byteoversea.com
1086,quizizz.com
1087,ultimate-guitar.com
1088,poki.com
1089,psychologytoday.com
1090,cspserver.net
1091,google.com.mx
1092,google.com.tr
1093,freefiremobile.com
1094,alipaydns.com
1095,gccdn.net
1096,n-tv.de
1097,166.com
1098,jimdo.com
1099,wps.com
1100,gofundme.com
1101,ameba.jp
1102,trello.com
1103,bitdefender.net
1104,leboncoin.fr
1105,queniuaa.com
1106,vivo.com
1107,samsungconsent.com
1108,kleinanzeigen.de
1109,prodregistryv2.org
1110,xhcdn.com
1111,livedoor.jp
1112,coursera.org
1113,classlink.com
1114,kwaipros.com
1115,ioam.de
1116,oath.cloud
1117,archiveofourown.org
1118,zoom.com
1119,apkpure.com
1120,clarin.com
1121,20minutos.es
1122,lanacion.com.ar
1123,india.com
1124,rncdn7.com
1125,jstor.org
1126,hepsiburada.com
1127,dafont.com
1128,hltv.org
1129,wise.com
1130,mercadolibre.com.mx
1131,beget.com
1132,youporn.com
1133,sahibinden.com
1134,apa.org
1135,gismeteo.ru
1136,aftonbladet.se
1137,hotstar.com
1138,tinkoff.ru
1139,faphouse.com
1140,kompas.com
1141,google.ru
1142,psu.edu
1143,doppiocdn.com
1144,finn.no
1145,furaffinity.net
1146,tradplusad.com
1147,flashscore.com
1148,udn.com
1149,susercontent.com
1150,ovh.net
1151,hostgator.com.br
1152,cookpad.com
1153,kemono.su
1154,wswebcdn.com
1155,su89-cdn.net
1156,nhentai.net
1157,ad.nl
1158,statuspage.io
1159,pornpics.com
1160,jw.org
1161,olx.pl
1162,rule34.xxx
1163,medallia.com
1164,boyfriendtv.com
1165,vg.no
1166,lequipe.fr
1167,dmm.co.jp
1168,tabelog.com
1169,notion.so
1170,abc.net.au
1171,douyinliving.com
1172,rfihub.com
1173,pluto.tv
1174,ucla.edu
1175,nu.nl
1176,bet365.com
1177,ox.ac.uk
1178,mythad.com
1179,vnexpress.net
1180,fetlife.com
1181,yale.edu
1182,yandex.by
1183,utorrent.com
1184,ddns.net
1185,janitorai.com
1186,avira.com
1187,remove.bg
1188,biomedcentral.com
1189,nic.do
1190,lichess.org
1191,spamhaus.org
1192,deezer.com
1193,itmedia.co.jp
1194,gazzetta.it
1195,magazineluiza.com.br
1196,espncricinfo.com
1197,akismet.com
1198,servicepipe.ru
1199,rightmove.co.uk
1200,pravda.ru
1201,poshvine.com
1202,fb.me
1203,kwimgs.com
1204,marketwatch.com
1205,ynet.co.il
1206,makemytrip.com
1207,videy.co
1208,newyorker.com
1209,atrustdns.com
1210,umbrella.com
1211,adrta.com
1212,roskazna.ru
1213,avsxappcaptiveportal.com
1214,upenn.edu
1215,mundodeportivo.com
1216,acesso.gov.br
1217,hln.be
1218,cricbuzz.com
1219,plos.org
1220,indiamart.com
1221,orange.fr
1222,aliyuncsslbintl.com
1223,cloud.com
1224,txnhh.com
1225,yandexcloud.net
1226,divar.ir
1227,zdnet.com
1228,xvv1deos.com
1229,jamfcloud.com
1230,studocu.com
1231,idealista.com
1232,fedex.com
1233,redtube.com
1234,tgju.org
1235,tesla.com
1236,exp-tas.com
1237,fanfiction.net
1238,algolia.net
1239,cnnbrasil.com.br
1240,edna.ru
1241,championat.com
1242,nba.com
1243,zhihu.com
1244,postrelease.com
1245,myntra.com
1246,livedoor.com
1247,marktplaats.nl
1248,blooket.com
1249,tabor.ru
1250,datto.com
1251,ebay.it
1252,onelink.me
1253,fr.de
1254,monster.es
1255,merkur.de
1256,livescore.com
1257,ladepeche.fr
1258,naukri.com
1259,donga.com
1260,instructure.com
1261,eepurl.com
1262,excite.co.jp
1263,trustarc.com
1264,afcdn.net
1265,namu.wiki
1266,phncdn.com
1267,wac-dc-msedge.net
1268,strpst.com
1269,azure-devices.net
1270,squarespacedns.com
1271,actu.fr
1272,hotpepper.jp
1273,stikroltiltoowi.net
1274,tcylgslb.com
1275,calculator.net
1276,bmj.com
1277,bytedns1.com
1278,rings.solutions
1279,donmai.us
1280,emag.ro
1281,noodlemagazine.com
1282,dantri.com.vn
1283,wisc.edu
1284,bilibili.tv
1285,wordwall.net
1286,xnxx-cdn.com
1287,tvn24.pl
1288,ixl.com
1289,ap4r.com
1290,autotrader.co.uk
1291,rcdn-web.com
1292,telefonica.de
1293,cdiscount.com
1294,unmsapp.com
1295,xhamster2.com
1296,umeng.com
1297,zalando.de
1298,cam4.com
1299,subito.it
1300,weathernews.jp
1301,dcinside.com
1302,dlsite.com
1303,futbin.com
1304,russianpost.ru
1305,mydramalist.com
1306,jusbrasil.com.br
1307,amazon.eg
1308,meesho.com
1309,digikala.com
1310,funpay.com
1311,youjizz.com
1312,aternos.org
1313,uci.edu
1314,thisvid.com
1315,cardgames.io
1316,ilmessaggero.it
1317,varzesh3.com
1318,easy4ipcloud.com
1319,metropoles.com
1320,tuoitre.vn
1321,xhamster43.desi
1322,fmkorea.com
1323,beeline.ru
1324,ntppool.org
1325,fdown.net
1326,e621.net
1327,digitaloceanspaces.com
1328,oneindia.com
1329,motherless.com
1330,aznude.com
1331,gamer.com.tw
1332,turkiye.gov.tr
1333,novinky.cz
1334,imhentai.xxx
1335,cloudflareclient.com
1336,zozo.jp
1337,coolmathgames.com
1338,gizmodo.com
1339,xhamster19.com
1340,luxuretv.com
1341,hitomi.la
1342,torob.com
1343,pornhat.com
1344,xhopen.com
1345,e-hentai.org
1346,starfall.com
1347,iporntv.net
1348,akamaitechnologies.com
1349,jut.su
1350,playfabapi.com
1351,superporn.com
1352,haberler.com
1353,24h.com.vn
1354,ixxx.com
1355,jagran.com
1356,nesine.com
1357,xxxbp.tv
1358,dagbladet.no
1359,rule34video.com
1360,xhaccess.com
1361,adnxs.net
1362,xnxx.tv
1363,gelbooru.com
1364,ssl.com
1365,justdial.com
1366,missav.ws
1367,sxyprn.com
1368,jd.com
1369,abovedomains.com
1370,pornhub.org
1371,boardgamearena.com
1372,xvideos-cdn.com
1373,auone.jp
1374,vedsalb.com
1375,jable.tv
1376,xnxx.es
1377,litnet.com
1378,sexvid.xxx
1379,russianfood.com
1380,mbga.jp
1381,usercontent.goog
1382,xhamster1.desi
1383,gst.gov.in
1384,riotgames.com
1385,mediaexpert.pl
1386,3bmeteo.com
1387,nikkansports.com
1388,xhwide5.com
1389,tenki.jp
1390,fuq.com
1391,mangabuff.ru
1392,18comic.vip
1393,dhl.com
1394,bookmyshow.com
1395,hianimez.to
1396,cronista.com
1397,hulu.com
1398,index.hr
1399,idealista.it
1400,jalan.net
1401,imagefap.com
1402,dkitrxmdwoqruvsi.net
1403,ilmeteo.it
1404,sozcu.com.tr
1405,youm7.com
1406,uisp.com
1407,umn.edu
1408,brdbuxte.com
1409,ukdevilz.com
1410,iltalehti.fi
1411,uidai.gov.in
1412,syosetu.com
1413,tesla.services
1414,xnxx-arabic.com
1415,shiksha.com
1416,protothema.gr
1417,vice.com
1418,otomoto.pl
1419,cloudapp.net
1420,oecd.org
1421,datadome.co
1422,dropcatch.com
1423,smi2.net
1424,game8.jp
1425,eltiempo.es
1426,blic.rs
1427,ficbook.net
1428,bato.to
1429,jutarnji.hr
1430,karnataka.gov.in
1431,carsensor.net
1432,ssstik.io
1433,zenecn.net
1434,business.site
1435,snaptik.app
1436,tokyomotion.net
1437,togetter.com
1438,ekstrabladet.dk
1439,hollywoodbets.net
1440,namasha.com
1441,mat6tube.com
1442,happymod.com
1443,inven.co.kr
1444,manoramaonline.com
1445,betway.co.za
1446,fapello.com
1447,gamewith.jp
1448,sun.com
1449,constantcontact.com
1450,myreadingmanga.info
1451,cityheaven.net
1452,liteapks.com
1453,tubi.io
1454,xbato.com
1455,eenadu.net
1456,cmoa.jp
1457,sendgrid.net
1458,1mg.com
1459,xhspot.com
1460,typekit.com
1461,suumo.jp
1462,mangabuddy.com
1463,pussyspace.com
1464,mangago.me
1465,xvideos2.com
1466,toyhou.se
1467,ptt.cc
1468,cdnhwc3.com
1469,porn300.com
1470,programme-tv.net
1471,chess-results.com
1472,fastcompany.com
1473,aniwatchtv.to
1474,tori.fi
1475,fantia.jp
1476,navitime.co.jp
1477,netkeiba.com
1478,xhcopy.life
1479,rakuten-sec.co.jp
1480,inxxx.com
1481,battwo.com
1482,kompoz2.com
1483,xvideos.es
1484,librus.pl
1485,megafon.ru
1486,capitalonegslbex.com
1487,sondakika.com
1488,fastdl.app
1489,prokerala.com
1490,bt.dk
1491,69shuba.com
1492,leroymerlin.fr
1493,vmware.com
1494,serviporno.com
1495,hdtube.porn
1496,exhentai.org
1497,khabaronline.ir
1498,spankbang.party
1499,123av.com
1500,3hentai.net
1501,jio.com
1502,carwale.com
1503,bingoplus.com
1504,banvenez.com
1505,fabswingers.com
1506,xnxx.health
1507,faphouse1.com
1508,supjav.com
1509,listcrawler.eu
1510,livechatinc.com
1511,missav.ai
1512,qorno.com
1513,hanime1.me
1514,missav123.com
1515,njuskalo.hr
1516,moviebox.ng
1517,porno365.bike
1518,livehindustan.com
1519,goodreturns.in
1520,wnacg.com
1521,macys.com
1522,canalrcn.com
1523,medicalnewstoday.com
1524,tktube.com
1525,shahvani.com
1526,alipay.com
1527,sexalarab.com
1528,lausd.net
1529,ninisite.com
1530,property24.com
1531,taktube.net
1532,dw.com
1533,novelbin.com
1534,aajtak.in
1535,casinoplus.com.ph
1536,luticlip.com
1537,fatalmodel.com
1538,blockdh100c.co
1539,sexlog.com
1540,blockdh100b.net
1541,ppomppu.co.kr
1542,nps.gov
1543,epfindia.gov.in
1544,virtualearth.net
1545,oreilly.com
1546,desitales2.com
1547,ruliweb.com
1548,croxyproxy.com
1549,beboo.ru
1550,znanija.com
1551,indianrail.gov.in
1552,doujindesu.tv
1553,lgtvcommon.com
1554,mechacomic.jp
1555,tvonenews.com
1556,joyclub.de
1557,lecturas.com
1558,patria.org.ve
1559,onlinesbi.sbi
1560,ertelecom.ru
1561,nitrotype.com
1562,forebet.com
1563,trilltrill.jp
1564,sinoptik.ua
1565,wto.to
1566,zahraa.mr
1567,fc2.com
1568,an1.com
1569,sitescout.com
1570,playtime.ph
1571,skokka.com
1572,sexvid.pro
1573,pornocarioca.com
1574,www.gob.mx
1575,exerius.com
1576,skipthegames.com
1577,mosmedzdrav.ru
1578,kidsa-z.com
1579,xosodaiphat.com
1580,goojara.to
1581,zearn.org
1582,chordtela.com
1583,piccoma.com
1584,doubtnut.com
1585,theqoo.net
1586,grapee.jp
1587,natomanga.com
1588,oabaubsutha.com
1589,kakuyomu.jp
1590,imgsrc.ru
1591,mangakakalot.gg
1592,xhamster.best
1593,ladies.de
1594,wikitree.co.kr
1595,y2mate.nu
1596,hochi.news
1597,52shuku.vip
1598,meteofor.com.ua
1599,pussyboy.net
1600,conectate.com.do
1601,screener.in
1602,bato.si
1603,xoso.com.vn
1604,arbada.com
1605,tudogostoso.com.br
1606,syosetu.org
1607,odoo.com
1608,mamastar.jp
1609,fanmtl.com
1610,eroterest.net
1611,xvideos-ar.com
1612,escortbabylon.net
1613,spaggiari.eu
1614,agenciatributaria.gob.es
1615,arca.live
1616,typepad.com
1617,xpaja.net
1618,googll.store
1619,shahrekhabar.com
1620,lekmanga.net
1621,bikewale.com
1622,truyenqqgo.com
1623,vista.ir
1624,betika.com
1625,nosv.org
1626,ijavhd.com
1627,publi24.ro
1628,indiansexstories2.net
1629,sex-studentki.pub
1630,sidrachain.com
1631,zonatmo.com
1632,czbooks.net
1633,olimpbet.kz
1634,heovl.fit
1635,happymh.com
1636,promiedos.com.ar
1637,skelbiu.lt
1638,tubidy.social
1639,sexemodel.com
1640,justindianporn.info
1641,arenaplus.net
1642,njavtv.com
1643,xnxx3.com
1644,bcvcdn.com
1645,rexporn.sex
1646,impots.gouv.fr
1647,tjk.org
1648,bakusai.com
1649,arabx.cam
1650,kamababa.desi
1651,arabsex.to
1652,hibiny.ru
1653,gree-apps.net
1654,fabguys.com
1655,yallakora.com
1656,ss.com
1657,iana.org
1658,tmohentai.com
1659,autoplius.lt
1660,xxx18hot.com
1661,fsiblog3.club
1662,scan-manga.com
1663,freeip.me
1664,apornvideo.com
1665,ecnavi.jp
1666,salonboard.com
1667,jra.jp
1668,betking.com
1669,momon-ga.com
1670,diretta.it
1671,av19.live
1672,nz.ua
1673,hpeprint.com
1674,escort.club
1675,jra.go.jp
1676,case-battle.at
1677,ojogodobicho.com
1678,humoruniv.com
1679,dns-shop.ru
1680,gdz.ru
1681,pewresearch.org
1682,emaktab.uz
1683,saednews.com
1684,pornhat.one
1685,flashscore.fr
1686,lectormangaa.com
1687,girlschannel.net
1688,earthlink.net
1689,anwap.today
1690,dogdrip.net
1691,sextop1.page
1692,meetup.com
1693,fto.to
1694,flashscore.mobi
1695,tamildhool.net
1696,bakecaincontrii.com
1697,enabiz.gov.tr
1698,bpexch.com
1699,jaya9.app
1700,phe18.vip
1701,thscore.mobi
1702,espn.com.ve
1703,xnxxvideos.info
1704,mashable.com
1705,sarkariresult.com
1706,mangatoto.org
1707,dto.jp
1708,gekso.xyz
1709,turbo.az
1710,betpawa.ug
1711,geny.com
1712,tuazar.com
1713,sexdep.blog
1714,phimxxx.ai
1715,hrbreakingnews.com
1716,xn--l3cg7a8a0cwa3f.com
1717,oddspark.com
1718,wannonce.com
1719,gimy.ai
1720,banxia.cc
1721,animanch.com
1722,lolpol.com
1723,annunci69.it
1724,yako.gg
1725,xxxhindi.to
1726,google.com.au
1727,letras.mus.br
1728,freesexkahani.com
1729,gree-pf.net
1730,oolveri.com
1731,sattamatkadpboss.co
1732,kkstories.com
1733,dzexams.com
1734,mingky.net
1735,livescore.cz
1736,tjsp.jus.br
1737,gaisexvl.pro
1738,nic.io
1739,satta-king-fast.com
1740,staseraintv.com
1741,bhojpurisex.site
1742,cricbet99.club
1743,playinmatch.com
1744,sayouth.mobi
1745,lotterysambadresult.in
1746,madrasati.sa
1747,funinexchange.com
1748,francetvinfo.fr
1749,spboss.mobi
1750,com.se
1751,beget.ru
1752,satta-king-fixed-no.in
1753,sattasport.in
1754,8moviesda.com
1755,allyonostore.com
1756,sattamatkano1.me
1757,mobcup.com.co
1758,hdhub4u.graphics
1759,zpath.net
1760,nirvam.it
1761,desitelugusex.com
1762,kolkataff.in
1763,filmyzilla0.com
1764,mnregaweb4.nic.in
1765,nregastrep.nic.in
1766,vtb.ru
1767,igodigital.com
1768,stackexchange.com
1769,thestreet.com
1770,fedoraproject.org
1771,savvis.net
1772,coinbase.com
1773,drweb.com
1774,cam.ac.uk
1775,ipredictive.com
1776,sciencemag.org
1777,adroll.com
1778,elsevier.com
1779,expedia.com
1780,telegra.ph
1781,ui-dns.com
1782,sciencedaily.com
1783,ucsd.edu
1784,letsencrypt.org
1785,bitdefender.com
1786,mathtag.com
1787,fb.watch
1788,acronis.com
1789,eff.org
1790,postgresql.org
1791,usgovtrafficmanager.net
1792,wiktionary.org
1793,screenrant.com
1794,wcdnga.com
1795,iponweb.net
1796,keplr.app
1797,gartner.com
1798,getpocket.com
1799,ftc.gov
1800,simpli.fi
1801,admin.ch
1802,mwbsys.com
1803,aws-prd.net
1804,variety.com
1805,mojohost.com
1806,staples.com
1807,about.com
1808,palmplaystore.com
1809,kontur.ru
1810,themeisle.com
1811,scientificamerican.com
1812,jwplayer.com
1813,elegantthemes.com
1814,connatix.com
1815,acs.org
1816,utexas.edu
1817,4wps.net
1818,canada.ca
1819,welt.de
1820,truste.com
1821,overwolf.com
1822,barnesandnoble.com
1823,admanmedia.com
1824,bunnyinfra.net
1825,mosspf.com
1826,churnzero.net
1827,ndtv.com
1828,alp.ru
1829,spot.im
1830,here.com
1831,asu.edu
1832,meethue.com
1833,quantummetric.com
1834,geocities.com
1835,msauth.net
1836,armgs.team
1837,mega.nz
1838,aljazeera.com
1839,tripod.com
1840,redislabs.com
1841,google.co.id
1842,apple-cloudkit.com
1843,sky.com
1844,spiegel.de
1845,sweb.ru
1846,app.link
1847,bigo.sg
1848,cmu.edu
1849,udemy.com
1850,mirror.co.uk
1851,pubmnet.com
1852,aka.ms
1853,amap.com
1854,evernote.com
1855,urbanairship.com
1856,amd.com
1857,secureserver.net
1858,americanexpress.com
1859,office365.us
1860,fao.org
1861,azure.net
1862,hh.ru
1863,inbake.com
1864,one.com
1865,norton.com
1866,superhosting.bg
1867,evergage.com
1868,mozaws.net
1869,jwpltx.com
1870,jhu.edu
1871,omni.ru
1872,apigee.io
1873,klarna.com
1874,wechat.com
1875,kernel.org
1876,dbankcdn.com
1877,nexthink.cloud
1878,politico.com
1879,ovhcloud.com
1880,vox.com
1881,evotor.ru
1882,webrootcloudav.com
1883,privacysandboxservices.com
1884,adsco.re
1885,hik-connect.com
1886,site.com
1887,senderscore.com
1888,px-cloud.net
1889,google.nl
1890,globenewswire.com
1891,meituan.com
1892,privacymanager.io
1893,stripe.network
1894,uchicago.edu
1895,xinhuanet.com
1896,si.edu
1897,tenable.com
1898,matterport.com
1899,www.nhs.uk
1900,alikunlun.com
1901,mfadsrvr.com
1902,web.app
1903,marketingcloudapis.com
1904,thesun.co.uk
1905,indianexpress.com
1906,max.com
1907,getbootstrap.com
1908,siemens.com
1909,truecaller.com
1910,usercontent.microsoft
1911,namebrightdns.com
1912,cootlogix.com
1913,k8s.io
1914,bitrixphone.com
1915,richaudience.com
1916,e-volution.ai
1917,inc.com
1918,alltel24.ru
1919,hoyoverse.com
1920,parklogic.com
1921,immunet.com
1922,hcaptcha.com
1923,ed.gov
1924,mncdn.com
1925,snackvideo.in
1926,ign.com
1927,clevelandclinic.org
1928,w55c.net
1929,intercom.com
1930,rackspaceclouddb.com
1931,thelancet.com
1932,jamanetwork.com
1933,segment.com
1934,loopme.me
1935,acm.org
1936,azure-api.net
1937,mts-ws.net
1938,buydomains.com
1939,cdek.ru
1940,tealiumiq.com
1941,netlify.app
1942,arstechnica.com
1943,techtarget.com
1944,vk.ru
1945,wshareit.com
1946,springserve.com
1947,kochava.com
1948,shop.app
1949,centrastage.net
1950,house.gov
1951,adobess.com
1952,docker.io
1953,garena.com
1954,ttoverseaus.net
1955,web.de
1956,mparticle.com
1957,usgs.gov
1958,bbb.org
1959,shopee.co.id
1960,plex.tv
1961,feedburner.com
1962,kwai.com
1963,xham.live
1964,bund.de
1965,sogou.com
1966,wpguardian.com
1967,logitech.com
1968,uchi.ru
1969,primis.tech
1970,wpguardian.io
1971,photobucket.com
1972,webempresa.eu
1973,adswizz.com
1974,msecnd.net
1975,line-apps.com
1976,samsungiotcloud.com
1977,deltaork.com
1978,ringcentral.com
1979,metamask.io
1980,c6gj-static.net
1981,strava.com
1982,slate.com
1983,discomax.com
1984,infonline.de
1985,gpcloudservice.com
1986,coinmarketcap.com
1987,addthis.com
1988,adgrx.com
1989,timeanddate.com
1990,spribegaming.com
1991,opera.software
1992,translate.goog
1993,wunderground.com
1994,nextdoor.com
1995,verkada.com
1996,nordvpn.com
1997,bumlam.com
1998,eagleeyenetworks.com
1999,ddnss.de
2000,rustore.ru
2001,cedexis-test.com
2002,ixbt.com
2003,mxptint.net
2004,gmx.net
2005,sat.gob.mx
2006,spaceweb.ru
2007,symantec.com
2008,spectrum.com
2009,alphonso.tv
2010,platinumai.net
2011,ad-delivery.net
2012,ico.org.uk
2013,qianxun.com
2014,craigslist.org
2015,audible.com
2016,tenor.com
2017,samsungknox.com
2018,dropboxapi.com
2019,wpengine.com
2020,samsungnyc.com
2021,moodle.org
2022,bitbucket.org
2023,digg.com
2024,themoviedb.org
2025,bls.gov
2026,inmobicdn.net
2027,science.org
2028,eyeota.net
2029,fitbit.com
2030,tynt.com
2031,sc-static.net
2032,sectigo.com
2033,eu.org
2034,sfgate.com
2035,kbz0pwvxmv.com
2036,cyberprotector.online
2037,miro.com
2038,census.gov
2039,safety.google
2040,mookie1.com
2041,ria.ru
2042,script.ac
2043,pnas.org
2044,kgslb.com
2045,engadget.com
2046,dnse0.com
2047,starlink.com
2048,ufl.edu
2049,nmrodam.com
2050,adentifi.com
2051,network-auth.com
2052,eskimi.com
2053,wetransfer.com
2054,onenote.net
2055,bfmio.com
2056,tribalfusion.com
2057,webhostbox.net
2058,dropbox-dns.com
2059,crazyegg.com
2060,ultradns.com
2061,starmakerstudios.com
2062,entrepreneur.com
2063,ovh.com
2064,proofpoint.com
2065,hhs.gov
2066,ads-twitter.com
2067,sharethis.com
2068,apdcdn.com
2069,lego.com
2070,smailru.net
2071,yotpo.com
2072,tawk.to
2073,verizon.com
2074,rollingstone.com
2075,smilewanted.com
2076,iheart.com
2077,mob.com
2078,hdporncomics.com
2079,msu.edu
2080,asana.com
2081,bttrack.com
2082,swiftkey.com
2083,aboutcookies.org
2084,arcticwolf.net
2085,sprinthost.ru
2086,adkernel.com
2087,vivox.com
2088,kakao.com
2089,avito.st
2090,restream-media.net
2091,fyber.com
2092,mitre.org
2093,glance.net
2094,asuracomic.net
2095,quantcount.com
2096,starbucks.com
2097,ay.delivery
2098,dropboxusercontent.com
2099,express.co.uk
2100,sportbox.ru
2101,nyu.edu
2102,justgeek.com
2103,gshifen.com
2104,oculus.com
2105,boun.edu.tr
2106,samsungcloud.tv
2107,m.me
2108,t-bank-app.ru
2109,sinaedge.com
2110,cnbcindonesia.com
2111,gos-gsp.io
2112,sec.gov
2113,euronews.com
2114,unicef.org
2115,pcmag.com
2116,blizzard.com
2117,kunlunsl.com
2118,peacocktv.com
2119,constellix.com
2120,freebsd.org
2121,rostelecom.ru
2122,xhamster3.com
2123,rakuten.com
2124,fullstory.com
2125,uiuc.edu
2126,granbluefantasy.jp
2127,iplt20.com
2128,kooora.com
2129,haber7.com
2130,fastclick.net
2131,wsglb0.com
2132,crazygames.com
2133,enable-javascript.com
2134,tvsquared.com
2135,websitewelcome.com
2136,ok.xxx
2137,orderbox-dns.com
2138,gvt3.com
2139,9animetv.to
2140,caliente.mx
2141,guardian.co.uk
2142,arc-msedge.net
2143,elnacional.cat
2144,us.com
2145,cafef.vn
2146,bbci.co.uk
2147,appier.net
2148,bt.co
2149,rt.com
2150,on.aws
2151,geoedge.be
2152,jav.guru
2153,bumble.com
2154,sii.cl
2155,squareup.com
2156,mossru.com
2157,al-adtech.com
2158,ucdavis.edu
2159,rat.xxx
2160,scopely.io
2161,duke.edu
2162,clarium.io
2163,khanacademy.org
2164,qcloud.com
2165,mediago.io
2166,eum-appdynamics.com
2167,ifilo.net
2168,bazaarvoice.com
2169,leiniao.com
2170,prezi.com
2171,wpastra.com
2172,discordapp.net
2173,visa.com
2174,weatherbug.net
2175,cloudfunctions.net
2176,unifi-ai.com
2177,purdue.edu
2178,vlr.gg
2179,screenconnect.com
2180,automattic.com
2181,mi-img.com
2182,gotinder.com
2183,chartbeat.com
2184,komiku.id
2185,hatena.ne.jp
2186,hwcdn.ru
2187,otm-r.com
2188,infocyte.com
2189,epicgames.dev
2190,list.am
2191,example.org
2192,lge.com
2193,samsungelectronics.com
2194,hot-sex-tube.com
2195,slackb.com
2196,manhwaclan.com
2197,truyenfull.vision
2198,redwap.sex
2199,people.com.cn
2200,pwc.com
2201,adp.com
2202,vimeocdn.com
2203,iterable.com
2204,vercel.app
2205,aadrm.com
2206,icanhazip.com
2207,isnssdk.com
2208,zbporn.tv
2209,xxxbfvideos.to
2210,anoboy.app
2211,yaeby.tv
2212,ssa.gov
2213,ssrn.com
2214,komiku.one
2215,openssl.org
2216,onlyindianx.cc
2217,darkero.com
2218,zdassets.com
2219,bbtec.net
2220,brusnika.tech
2221,harman.com
2222,proofpoint.us
2223,coloros.com
2224,vietjack.com
2225,tiktokw.us
2226,samsungdm.com
2227,mediavine.com
2228,abozeb.com
2229,usc.edu
2230,librefutbol.su
2231,trustedstack.com
2232,selcloud.ru
2233,rusoska.pro
2234,betpawa.co.tz
2235,shirazishoo.ir
2236,afribaba.com
2237,ingage.tech
2238,crunchyroll.com
2239,amp-endpoint2.com
2240,123-hd.com
2241,upmsp.edu.in
2242,lnkd.in
2243,simontok.adult
2244,euro777beer.com
2245,sacdnssedge.com
2246,porno18.site
2247,itu.int
2248,wapbold.net
2249,xhxx89.com
2250,123tt.ru
2251,usertrust.com
2252,senate.gov
2253,tencentclb.com
2254,illinois.edu
2255,dpbossattamatka.net
2256,filmyfly.win
2257,onlar.az
2258,kolkataff.tv
2259,dynamics.com
2260,rackcdn.com
2261,dpbossattamatka.com
2262,itch.io
2263,broadcom.com
2264,bigcartel.com
2265,semrush.com
2266,parsely.com
2267,sprinklr.com
2268,permutive.app
2269,investing.com
2270,hollywoodreporter.com
2271,iqiyi.com
2272,telecid.ru
2273,nextlgsdp.com
2274,adtelligent.com
2275,like.video
2276,gettyimages.com
2277,trellix.com
2278,zynga.com
2279,stumbleupon.com
2280,vidazoo.com
2281,sap.com
2282,ticketmaster.com
2283,hotjar.io
2284,rosminzdrav.ru
2285,mixcloud.com
2286,hadronid.net
2287,ctmail.com
2288,indiegogo.com
2289,ogury.io
2290,cutt.ly
2291,ford.com
2292,cedexis.com
2293,transsion-os.com
2294,confiant-integrations.net
2295,icann.org
2296,imoim.net
2297,mercadolibre.com
2298,smi2.ru
2299,unc.edu
2300,huggingface.co
2301,ad-score.com
2302,smh.com.au
2303,unity.com
2304,jino.ru
2305,locaweb.com.br
2306,dvr163.com
2307,hse.ru
2308,medlineplus.gov
2309,netscape.com
2310,nheos.com
2311,abc.es
2312,webpkgcache.com
2313,mmechocaptiveportal.com
2314,adidas.com
2315,xhofficial.com
2316,qz.com
2317,nubank.com.br
2318,lazada.co.id
2319,sakura.ne.jp
2320,volcgslb.com
2321,schwab.com
2322,ecdnx.com
2323,gameanalytics.com
2324,tbank.ru
2325,chartboost.com
2326,dictionary.com
2327,dbankedge.cn
2328,grafana.com
2329,wikia.com
2330,lfstrm.tv
2331,rfc-editor.org
2332,signal.org
2333,secu100.net
2334,pp.ru
2335,iiko.it
2336,revenuecat.com
2337,apachefriends.org
2338,scene7.com
2339,permutive.com
2340,snapins.ai
2341,amocrm.ru
2342,av380.net
2343,istockphoto.com
2344,vercel-dns-3.com
2345,cbr.ru
2346,weather.gov
2347,tdnsv5.com
2348,lgtvsdp.com
2349,fidelity.com
2350,hostinger.com
2351,undertone.com
2352,eu.com
2353,arizona.edu
2354,24xxx.im
2355,techradar.com
2356,kuaishou.com
2357,webs.com
2358,uidapi.com
2359,lastpass.com
2360,git-scm.com
2361,riskified.com
2362,gotowebinar.com
2363,7df5u.com
2364,justice.gov
2365,axios.com
2366,steamcontent.com
2367,browsiprod.com
2368,scmp.com
2369,amp-endpoint3.com
2370,glassdoor.com
2371,lazada.com.ph
2372,aibixby.com
2373,akstat.io
2374,usa.gov
2375,kslawin.com
2376,caiyicloud.com
2377,bx-msedge.net
2378,arabsex.click
2379,threads.com
2380,bizjournals.com
2381,pndsn.com
2382,weibo.cn
2383,sketchfab.com
2384,dns.cn
2385,n-able.com
2386,doordash.com
2387,yimg.jp
2388,vkplay.ru
2389,fwmrm.net
2390,sbis.ru
2391,useinsider.com
2392,brightcove.com
2393,messenger.com
2394,myq-cloud.com
2395,umd.edu
2396,splashtop.com
2397,im-apps.net
2398,ruidongcloud.com
2399,semanticscholar.org
2400,trueconf.net
2401,livescience.com
2402,zijieapi.com
2403,xhsoftware.site
2404,mfms.ru
2405,cpanel.com
2406,thetimes.co.uk
2407,drmgms.com
2408,porno666.win
2409,energy.gov
2410,zenlogic.net
2411,dhs.gov
2412,sofascore.com
2413,geotrust.com
2414,5movierulz.live
2415,bytedance.com
2416,gallup.com
2417,secb2b.com
2418,socdm.com
2419,yahoo.net
2420,hsforms.com
2421,webflow.com
2422,chicagotribune.com
2423,nielsen.com
2424,utoronto.ca
2425,flipboard.com
2426,siriusxm.com
2427,truyenqqto.com
2428,okxxx2.com
2429,goal4.co
2430,mp4moviez.shoes
2431,mp4moviez.family
2432,5movierulz.diet
2433,protechts.net
2434,tvwiki19.com
2435,5movierulz.at
2436,blacktoon358.com
2437,dpbossattamatka.co
2438,filmywap.com.cy
2439,5movierulz.prof
2440,filmyfly.golf
2441,moviesda.cool
2442,walkme.com
2443,blacktoon356.com
2444,blacktoon357.com
2445,hdhub4u.cricket
2446,mastercard.com
2447,theglobeandmail.com
2448,visualwebsiteoptimizer.com
2449,ny.gov
2450,lazada.sg
2451,nejm.org
2452,altervista.org
2453,p-cdn.us
2454,applvn.com
2455,espncdn.com
2456,lunalabs.io
2457,adguard-vpn.online
2458,smithsonianmag.com
2459,wa.link
2460,featureassets.org
2461,customer.io
2462,howstuffworks.com
2463,sony.com
2464,onetrust.io
2465,lazada.com
2466,lww.com
2467,moloco.com
2468,accenture.com
2469,tospotify.com
2470,vegalb.com
2471,cdnbasket.net
2472,capitalone.com
2473,connectad.io
2474,colorado.edu
2475,oaistatic.com
2476,spacex.com
2477,google.be
2478,army.mil
2479,tdnsv6.com
2480,itv.com
2481,iotcplatform.com
2482,orcid.org
2483,rudderstack.com
2484,your-server.de
2485,parade.com
2486,coingecko.com
2487,collegeboard.org
2488,citrix.com
2489,braze.eu
2490,iubenda.com
2491,cloudflarestorage.com
2492,home-assistant.io
2493,virginmedia.com
2494,hpe.com
2495,ti.com
2496,bigolive.tv
2497,ihg.com
2498,ixigua.com
2499,dynamicyield.com
2500,instacart.com
2501,disney.com
2502,grindr.com
2503,history.com
2504,chase.com
2505,wellsfargo.com
2506,callrail.com
2507,microsoftazuread-sso.com
2508,fliphtml5.com
2509,partners-show.com
2510,thawte.com
2511,tdnsstic1.cn
2512,akamaitech.net
2513,easybrain.com
2514,kde.org
2515,myhostadmin.net
2516,parallels.com
2517,tnaflix.com
2518,ksyna.net
2519,rainberrytv.com
2520,amazonaws.com.cn
2521,google.co.th
2522,thenai.org
2523,gamespot.com
2524,spbycdn.com
2525,today.com
2526,nflxext.com
2527,cedexis-radar.net
2528,ubc.ca
2529,allstate.com
2530,tuyaeu.com
2531,ksapisrv.com
2532,dondominio.com
2533,windy.com
2534,uhc.com
2535,anchor.fm
2536,cookiebot.com
2537,thehill.com
2538,amemv.com
2539,17u.cn
2540,google.com.tw
2541,canonical.com
2542,slashdot.org
2543,irancell.ir
2544,northwestern.edu
2545,imf.org
2546,adobelogin.com
2547,fanduel.com
2548,onlinepbx.ru
2549,oppomobile.com
2550,acoustic-adm.com
2551,congress.gov
2552,ifood.com.br
2553,pubnative.net
2554,al-array.com
2555,drupal.org
2556,privacy-center.org
2557,huntress.io
2558,zdnscloud.com
2559,adnxs-simple.com
2560,p-msedge.net
2561,lazada.co.th
2562,bybit.com
2563,share-dns.com
2564,realme.com
2565,buzzoola.com
2566,auth0.com
2567,volces.com
2568,rutarget.ru
2569,serving-sys.ru
2570,podbean.com
2571,bigcommerce.com
2572,tokopedia.com
2573,163img.com
2574,ubisoft.com
2575,msappproxy.net
2576,xxpkg.com
2577,shorturl.at
2578,nflximg.net
2579,cdnhwcbqs106.com
2580,eeroup.com
2581,mmstat.com
2582,postman.com
2583,foursquare.com
2584,foxbusiness.com
2585,ey.com
2586,newscientist.com
2587,axon.ai
2588,tranplanet.com
2589,zend.com
2590,klarna.net
2591,adhigh.net
2592,oaiusercontent.com
2593,mrf.io
2594,rockstargames.com
2595,parkingcrew.net
2596,mercedes-benz.com
2597,lenta.ru
2598,java.com
2599,egnyte.com
2600,ninjarmm.com
2601,tmz.com
2602,olympics.com
2603,akamai.com
2604,lg.co.kr
2605,youradchoices.com
2606,instructables.com
2607,microsoft.us
2608,usercentrics.eu
2609,woocommerce.com
2610,battle.net
2611,blog.google
2612,sensic.net
2613,ioriveredge.net
2614,getgrass.io
2615,so.com
2616,yammer.com
2617,flaticon.com
2618,sas.com
2619,opera-api.com
2620,adguard.com
2621,technologyreview.com
2622,nsone.net
2623,yastatic.net
2624,wayfair.com
2625,meitu.com
2626,afafb.com
2627,elastic.co
2628,elconfidencial.com
2629,hoster.ru
2630,tizen.org
2631,dnse3.com
2632,tmall.com
2633,ibb.co
2634,ucweb.com
2635,shopifycdn.com
2636,vogue.com
2637,fool.com
2638,tvinteractive.tv
2639,bitnami.com
2640,lg.com
2641,ably.io
2642,qpic.cn
2643,mystrikingly.com
2644,onmicrosoft.com
2645,namecheaphosting.com
2646,transneft.ru
2647,yandexadexchange.net
2648,pphosted.com
2649,last.fm
2650,nasdaq.com
2651,afilias-nst.info
2652,about.me
2653,ptsecurity.com
2654,system-monitor.com
2655,opensource.org
2656,jimdofree.com
2657,safedk.com
2658,pippio.com
2659,ucl.ac.uk
2660,venturebeat.com
2661,msftstatic.com
2662,dalyfeds.com
2663,web.dev
2664,icloud.com.cn
2665,metro.co.uk
2666,digistorm.com
2667,archives.gov
2668,hyatt.com
2669,ctfassets.net
2670,urldefense.com
2671,tubitv.com
2672,foodnetwork.com
2673,realtor.com
2674,looker.app
2675,dot.gov
2676,google.com.vn
2677,emb-api.com
2678,thousandeyes.com
2679,cxense.com
2680,match.com
2681,generatepress.com
2682,standard.co.uk
2683,bitrix.info
2684,ctgcdn.com
2685,loom.com
2686,magnit.ru
2687,strln.net
2688,a-ads.com
2689,libsyn.com
2690,rumble.com
2691,aarp.org
2692,vscode-cdn.net
2693,tableau.com
2694,emxdgt.com
2695,navy.mil
2696,fcc.gov
2697,jivox.com
2698,www.gov.cn
2699,dnse1.com
2700,vanityfair.com
2701,mps.gov.cn
2702,ns1p.net
2703,google.com.ar
2704,telegraaf.nl
2705,nymag.com
2706,wistia.com
2707,npmjs.com
2708,getgo.com
2709,geobasket.ru
2710,nodejs.org
2711,auvik.com
2712,doubleclick.com
2713,ak-is2.net
2714,minecraft.net
2715,amplreq.com
2716,ifeng.com
2717,line-scdn.net
2718,mosspf.net
2719,phantom.app
2720,jtvnw.net
2721,google.us
2722,newsbreak.com
2723,pstatic.net
2724,allawntech.com
2725,france24.com
2726,perl.org
2727,nic.uk
2728,pstatp.com
2729,padlet.com
2730,startappservice.com
2731,ttwstatic.com
2732,rottentomatoes.com
2733,ispot.tv
2734,unruly.co
2735,goguardian.com
2736,pullcf.com
2737,snapcraft.io
2738,printercloud.com
2739,yumpu.com
2740,thedailybeast.com
2741,rutgers.edu
2742,moz.com
2743,virginia.edu
2744,fortinet.net
2745,powerbi.com
2746,google.pt
2747,pullcm.com
2748,mradx.net
2749,game-sdk.com
2750,imgix.net
2751,csdn.net
2752,glanceapis.com
2753,braintree-api.com
2754,rkdms.com
2755,redditspace.com
2756,kwaicdn.com
2757,notion.site
2758,insales.ru
2759,liveintent.com
2760,kskwai.com
2761,nhk.or.jp
2762,knt9.xyz
2763,aihelp.net
2764,spb.ru
2765,mindbox.ru
2766,watchguard.com
2767,apple.com.cn
2768,bk6bba-resources.com
2769,mpg.de
2770,tns-counter.ru
2771,sfdcfc.net
2772,dashlane.com
2773,weborama.fr
2774,ctvnews.ca
2775,douban.com
2776,pruffme.com
2777,zztfly.com
2778,chinadaily.com.cn
2779,siteimproveanalytics.io
2780,mimecast.com
2781,dssott.com
2782,zeit.de
2783,paramountplus.com
2784,canvas-user-content.com
2785,centos.org
2786,allrecipes.com
2787,slatic.net
2788,gog.com
2789,bstatic.com
2790,privacyshield.gov
2791,rs6.net
2792,wa.gov
2793,magonet.ru
2794,ycombinator.com
2795,vk-analytics.ru
2796,ahrefs.com
2797,googleapis.cn
2798,net.ru
2799,1password.com
2800,porkbun.com
2801,archiefweb.eu
2802,ahcdn.com
2803,gutenberg.org
2804,shipt.com
2805,getyourguide.com
2806,google.ch
2807,laravel.com
2808,google.at
2809,libbyshelf.com
2810,tlivepush.com
2811,sneaker.dev
2812,fotostrana.ru
2813,dns-finder.com
2814,unimelb.edu.au
2815,google.ro
2816,treasury.gov
2817,takeaway.com
2818,unrealengine.com
2819,1688.com
2820,admatic.de
2821,thestar.com
2822,duosecurity.com
2823,rtmark.net
2824,wixstatic.com
2825,gboxlab.com
2826,heart.org
2827,utah.edu
2828,ednsglobal.net
2829,privacy-mgmt.com
2830,uribl.com
2831,angelfire.com
2832,ax-dc-msedge.net
2833,alfabank.ru
2834,tiktokeu-cdn.com
2835,cctv.com
2836,sonos.com
2837,riotcdn.net
2838,pandasecurity.com
2839,tinypass.com
2840,pastebin.com
2841,google.cz
2842,pushwoosh.com
2843,meta.com
2844,2miners.com
2845,wetter.com
2846,cancer.org
2847,found.io
2848,fbi.gov
2849,lifehacker.com
2850,drift.com
2851,nexon.com
2852,beyla.site
2853,theiconic.com.au
2854,inleed.net
2855,hoster.kz
2856,thrtle.com
2857,hbo.com
2858,ning.com
2859,datadoghq-browser-agent.com
2860,imageshack.us
2861,fastlylb.net
2862,philips.com
2863,serverdata.net
2864,billboard.com
2865,optusnet.com.au
2866,ggblueshark.com
2867,tutu.ru
2868,mountain.com
2869,trafficjunky.net
2870,lenovomm.com
2871,shopee.io
2872,walgreens.com
2873,osu.edu
2874,google.gr
2875,google.cl
2876,bu.edu
2877,memfault.com
2878,garenanow.com
2879,discovery.com
2880,robinhood.com
2881,cell.com
2882,profi.ru
2883,minutemedia-prebid.com
2884,rosintel.com
2885,phys.org
2886,ecwid.com
2887,xlivrdr.com
2888,magsrv.com
2889,aa.com
2890,ethz.ch
2891,uspto.gov
2892,au.com
2893,cuny.edu
2894,zalo.me
2895,idnscloud.com
2896,ccc.de
2897,opera.technology
2898,wikidot.com
2899,elastic-cloud.com
2900,keydisk.ru
2901,vrt.be
2902,zeasn.tv
2903,queniucf.com
2904,t-s1-msedge.net
2905,afilias-nst.org
2906,alibaba-inc.com
2907,glpals.com
2908,prosv.ru
2909,tenda.com.cn
2910,nsw.gov.au
2911,mapquest.com
2912,smartsheet.com
2913,cosmopolitan.com
2914,google.com.pe
2915,sproutsocial.com
2916,qualys.com
2917,vsware.ie
2918,hover.com
2919,miniclippt.com
2920,coe.int
2921,hihonor.com
2922,samplicio.us
2923,faz.net
2924,si.com
2925,thehindu.com
2926,zdnscloud.cn
2927,pangle-b.io
2928,bt.com
2929,didiglobal.com
2930,shopee.sg
2931,delta.com
2932,orbsrv.com
2933,adtng.com
2934,bounceexchange.com
2935,nydailynews.com
2936,dns.com
2937,dynadot.com
2938,dol.gov
2939,spamcop.net
2940,undp.org
2941,asahi.com
2942,kp.ru
2943,google.co.kr
2944,keenetic.pro
2945,inf0.net
2946,ex.co
2947,tidal.com
2948,ahacdn.me
2949,esquire.com
2950,acrobat.com
2951,alibabacorp.com
2952,alikunlun.net
2953,xero.com
2954,queniuiq.com
2955,douyin.com
2956,sooplive.co.kr
2957,ndcpp-os.com
2958,hubhc.com
2959,ekatox.com
2960,sport.es
2961,pendingrenewaldeletion.com
2962,aptrinsic.com
2963,gumroad.com
2964,google.com.co
2965,kinopoisk.ru
2966,bcelive.com
2967,texas.gov
2968,ifconfig.me
2969,acuityplatform.com
2970,adaether.com
2971,sbb.ch
2972,ncsu.edu
2973,samsclub.com
2974,oraclecloud.net
2975,porsche.com
2976,elle.com
2977,samba.tv
2978,pacloudflare.com
2979,segmento.ru
2980,awmdm.com
2981,webflow.io
2982,mathworks.com
2983,kpmg.com
2984,afrinic.net
2985,icndns.net
2986,mailinabox.email
2987,cancer.gov
2988,faqs.org
2989,dmoz.org
2990,lin.ee
2991,doppiocdn.net
2992,digitaltrends.com
2993,likeevideo.ru
2994,hostpoint.ch
2995,jpush.cn
2996,zerocdn.com
2997,tamu.edu
2998,ucoz.ru
2999,wikisource.org
3000,houzz.com
3001,softether-network.net
3002,planfix.com
3003,rezync.com
3004,goodhousekeeping.com
3005,brookings.edu
3006,clickagy.com
3007,miitbeian.gov.cn
3008,cern.ch
3009,hootsuite.com
3010,ilo.org
3011,sephora.com
3012,cian.ru
3013,deadline.com
3014,square.site
3015,thoughtco.com
3016,consumerreports.org
3017,api.aws
3018,narod.ru
3019,infomaniak.com
3020,liveperson.net
3021,tsinghua.edu.cn
3022,bitrix24.com
3023,google.com.ua
3024,abplive.com
3025,thejeu.com
3026,haxx.se
3027,sharepointonline.com
3028,urbandictionary.com
3029,comcor-tv.ru
3030,powerapps.com
3031,jhkkjkj.com
3032,ikarem.io
3033,s-microsoft.com
3034,demandbase.com
3035,vrbo.com
3036,rian.ru
3037,userway.org
3038,ml314.com
3039,ravm.tv
3040,rajasthan.gov.in
3041,opsgenie.com
3042,itglue.com
3043,schneier.com
3044,mobilefuse.com
3045,charter.net
3046,google.se
3047,blogspot.co.uk
3048,skwstat.ru
3049,fpo.xxx
3050,accor.com
3051,fanpage.it
3052,nurd.com
3053,chron.com
3054,jagranjosh.com
3055,streamtheworld.com
3056,adthrive.com
3057,vswaretest.com
3058,tq-tungsten.com
3059,centralnic.net
3060,oricon.co.jp
3061,salon.com
3062,tsn.ua
3063,flightradar24.com
3064,inps.it
3065,toasttab.com
3066,fifa.com
3067,affirm.com
3068,ccgateway.net
3069,com.ru
3070,krushmedia.com
3071,skimresources.com
3072,myfitnesspal.com
3073,camelopardalisbee.com
3074,sunnypingdrink.com
3075,stocrm.ru
3076,revcontent.com
3077,nyc.gov
3078,brightcloud.com
3079,nfl.com
3080,rqtrk.eu
3081,brandmetrics.com
3082,aylanetworks.com
3083,capexh.world
3084,cpan.org
3085,livemint.com
3086,fengpongshu.com
3087,weerrhoop.cc
3088,airtable.com
3089,incognia.com
3090,dnsimple.com
3091,iop.org
3092,redbubble.com
3093,crunchbase.com
3094,bitly.com
3095,xserver.jp
3096,semasio.net
3097,pitt.edu
3098,digicertdns.com
3099,cbsivideo.com
3100,bytetcdn.com
3101,heise.de
3102,flixcdn.com
3103,intelbras.com.br
3104,gifshow.com
3105,joomla.org
3106,dnse2.com
3107,esphere.ru
3108,ew.com
3109,gtld.biz
3110,google.hu
3111,braze-images.com
3112,servenobid.com
3113,wswebpic.com
3114,ftstatic.com
3115,rsc.org
3116,appdomain.cloud
3117,imagemagick.org
3118,boston.com
3119,timeout.com
3120,awardpongsur.org
3121,zapier.com
3122,nzherald.co.nz
3123,chocopinglate.org
3124,caelumbee.co.uk
3125,vt.edu
3126,blcdog.com
3127,merlincdn.net
3128,piano.io
3129,rg.ru
3130,intercomcdn.com
3131,monash.edu
3132,serverbid.com
3133,gopsahome.info
3134,dish.com
3135,outbrainimg.com
3136,united.com
3137,2gis.ru
3138,amarujala.com
3139,ucsb.edu
3140,xe.com
3141,is.gd
3142,hotels.com
3143,1drv.ms
3144,redbull.com
3145,itau.com.br
3146,wustl.edu
3147,cbssports.com
3148,mk.ru
3149,geeksforgeeks.org
3150,novell.com
3151,tycsports.com
3152,picsart.com
3153,georgetown.edu
3154,dns.pt
3155,nokia.com
3156,chinanetcenter.com
3157,dnse4.com
3158,qcomgeo2.com
3159,freshdesk.com
3160,adition.com
3161,tricolor.tv
3162,nextmillmedia.com
3163,konami.net
3164,testbook.com
3165,tailscale.com
3166,usembassy.gov
3167,indiana.edu
3168,infolinks.com
3169,mathplayground.com
3170,playfamily.ru
3171,thomsonreuters.com
3172,digi24.ro
3173,wipo.int
3174,lgtviot.com
3175,caniuse.com
3176,queniubg.com
3177,malwarebytes.com
3178,axis.com
3179,carfax.com
3180,martianinc.co
3181,medscape.com
3182,google.com.sg
3183,chronicle.security
3184,paa-reporting-advertising.amazon
3185,2o7.net
3186,sssinstagram.com
3187,vidoomy.com
3188,holadns.com
3189,panasonic.com
3190,citi.com
3191,splunkcloud.com
3192,zopim.com
3193,mintegral.net
3194,helpshift.com
3195,onenote.com
3196,namequery.com
3197,movetv.com
3198,comodo.com
3199,skroutz.gr
3200,thingiverse.com
3201,staticflickr.com
3202,formula1.com
3203,fastly-insights.com
3204,brightspace.com
3205,straitstimes.com
3206,mcdonalds.com
3207,ndmdhs.com
3208,iionads.com
3209,missav.live
3210,univie.ac.at
3211,4shared.com
3212,voanews.com
3213,lync.com
3214,uniqlo.com
3215,pypi.org
3216,netgate.com
3217,zscaler.net
3218,coca-cola.com
3219,amxrtb.com
3220,aetna.com
3221,thefreedictionary.com
3222,shawcable.net
3223,e-planning.net
3224,codebig2.net
3225,openldap.org
3226,hybrid.ai
3227,slack-edge.com
3228,brightcove.net
3229,joinhoney.com
3230,website-files.com
3231,jampp.com
3232,systemdns.com
3233,hopkinsmedicine.org
3234,capitaloneshopping.com
3235,asos.com
3236,msi.com
3237,thebalancemoney.com
3238,alura.com.br
3239,gpubgm.com
3240,otzovik.com
3241,withbuddies.com
3242,tubemogul.com
3243,absher.sa
3244,keenetic.io
3245,voximplant.com
3246,tiktokio.com
3247,tabletki.ua
3248,gap.com
3249,nickfinder.com
3250,curl.se
3251,stuff.co.nz
3252,x-cdn-static.com
3253,mcgill.ca
3254,jpost.com
3255,t.ly
3256,iskur.gov.tr
3257,deepseek.com
3258,anybunny.org
3259,facemojikeyboard.com
3260,guard.io
3261,elong.com
3262,toutiao.com
3263,prserv.net
3264,adotmob.com
3265,logicnow.us
3266,komikcast02.com
3267,vatican.va
3268,qnap.com
3269,24xxx.casa
3270,calameo.com
3271,a-mx.com
3272,okxxx1.com
3273,rokt.com
3274,men.gov.ma
3275,optonline.net
3276,zara.com
3277,twc.com
3278,vzwwo.com
3279,the-ozone-project.com
3280,bplslb.com
3281,musics-fa.com
3282,lgsmartad.com
3283,openwebmp.com
3284,insightexpressai.com
3285,rtactivate.com
3286,cygwin.com
3287,traveloka.com
3288,vkusvill.ru
3289,cvs.com
3290,finmatics.dev
3291,getui.com
3292,wurl.com
3293,honeywell.com
3294,mangajikan.com
3295,seek.com.au
3296,apptentive.com
3297,500px.com
3298,statefarm.com
3299,irishtimes.com
3300,psiphon.news
3301,msnbc.com
3302,lazada.com.my
3303,nettruyenvio.com
3304,punchmedia.ru
3305,nguoiquansat.vn
3306,hamyar.in
3307,paypal.me
3308,tanium.com
3309,shodan.io
3310,transmissionapp.com
3311,code42.com
3312,arm-msedge.net
3313,digitaltarget.ru
3314,betcity.ru
3315,youronlinechoices.eu
3316,colossusssp.com
3317,pubnub.com
3318,gama.ir
3319,ohchr.org
3320,creditkarma.com
3321,shopee.vn
3322,santander.com.br
3323,ubereats.com
3324,vanguard.com
3325,railway.gov.bd
3326,tapjoy.com
3327,sophosupd.com
3328,createjs.com
3329,nhl.com
3330,mobile-tracker-free.com
3331,garant.ru
3332,fortinet.com
3333,micpn.com
3334,pushy.io
3335,wps.cn
3336,triunfobet.com
3337,tuyaus.com
3338,toyota-europe.com
3339,adlightning.com
3340,org.ru
3341,oray.com
3342,yasyadong.cc
3343,ed.ac.uk
3344,fojik.com
3345,ganamos.biz
3346,ibscorp.ru
3347,cachefly.net
3348,iqm.com
3349,home.pl
3350,tdxflix.my
3351,ibosscloud.com
3352,topdns.com
3353,isc.org
3354,dpboss.boston
3355,bebesong.com
3356,antarvasna3.com
3357,zscalertwo.net
3358,box.net
3359,comodoca.com
3360,xn--5-5wfs0cq1gd9b9d2epci.com
3361,mp4moviez.law
3362,register.com
3363,identrust.com
3364,selectel.ru
3365,ampproject.net
3366,isaidub.city
3367,perplexity.ai
3368,awmcdn.net
3369,xhamsterlive.com
3370,thaiyedthai.com
3371,evidon.com
3372,google.co.za
3373,lonelyplanet.com
3374,wasabisys.com
3375,tripadvisor.co.uk
3376,1kuttymovies.io
3377,deluxonlinejobs.com
3378,ibomma.wf
3379,gldn.net
3380,dnsv1.com.cn
3381,proton.me
3382,rtve.es
3383,global-e.com
3384,unl.edu
3385,aviasales.ru
3386,matomo.org
3387,bac.com
3388,westernunion.com
3389,zscalerthree.net
3390,shutterfly.com
3391,nyt.com
3392,cribl.cloud
3393,kunlungr.com
3394,hetzner.com
3395,seattletimes.com
3396,okamiboss.com
3397,xhpingcdn.com
3398,infojobs.net
3399,samsungcloudcdn.com
3400,theregister.com
3401,iz.ru
3402,onaudience.com
3403,avg.com
3404,linksynergy.com
3405,beyondtrustcloud.com
3406,google.dk
3407,mos.ru
3408,zeotap.com
3409,harpersbazaar.com
3410,mux.com
3411,cpi.ad.jp
3412,videolan.org
3413,cableone.net
3414,economictimes.com
3415,greenpeace.org
3416,gemius.pl
3417,marthastewart.com
3418,feedly.com
3419,digital.com
3420,dzeninfra.ru
3421,flic.kr
3422,clicktale.net
3423,opera-api2.com
3424,hubspot.net
3425,bspb.ru
3426,cyberark.com
3427,signalr.net
3428,eventbrite.co.uk
3429,verywellhealth.com
3430,smugmug.com
3431,bvfcdn.com
3432,nbc.com
3433,macomnet.ru
3434,mediawiki.org
3435,williamhill.com
3436,adingo.jp
3437,google.co.il
3438,falais.com
3439,dmxleo.com
3440,clean.gg
3441,it.com
3442,r7ops.com
3443,made-in-china.com
3444,samsunghealth.com
3445,toyota.com
3446,ebayimg.com
3447,rackspacecloud.com
3448,dfmc.com.cn
3449,bidvol.com
3450,oregonstate.edu
3451,sjv.io
3452,google.fi
3453,olx.ua
3454,galaxydata.ru
3455,sfu.ca
3456,globalnews.ca
3457,indazn.com
3458,myanimelist.net
3459,tufts.edu
3460,hawaii.edu
3461,flightaware.com
3462,schwab.tech
3463,chewy.com
3464,tesco.com
3465,admixer.net
3466,envato.com
3467,symcb.com
3468,page.link
3469,pcworld.com
3470,usaa.com
3471,oath.com
3472,foxsports.com
3473,ionos.de
3474,logitech.io
3475,9gag.com
3476,hs-scripts.com
3477,dtvce.com
3478,bostonglobe.com
3479,blismedia.com
3480,uoregon.edu
3481,crowdstrike.com
3482,timesofisrael.com
3483,google.ie
3484,esa.int
3485,termsfeed.com
3486,gorgias.chat
3487,jwpcdn.com
3488,17track.net
3489,hrw.org
3490,sitemaps.org
3491,sueddeutsche.de
3492,snopes.com
3493,sberdevices.ru
3494,pokemon.com
3495,bittorrent.com
3496,artstation.com
3497,dailyinnovation.biz
3498,inmotionhosting.com
3499,verywellmind.com
3500,nobelprize.org
3501,apple-dns.cn
3502,clientgear.com
3503,progressive.com
3504,afraid.org
3505,swrve.com
3506,copper6.com
3507,ctnsnet.com
3508,wufoo.com
3509,mastodon.social
3510,seekingalpha.com
3511,ttdns3.com
3512,queniuck.com
3513,livestream.com
3514,adsbynimbus.com
3515,gitbook.io
3516,dnsdomen.com
3517,yle.fi
3518,hs-banner.com
3519,mcr-msedge.net
3520,okx.com
3521,patch.com
3522,trip.com
3523,crcldu.com
3524,nate.com
3525,azure-dns.net
3526,gatech.edu
3527,hs-analytics.net
3528,hostedrmm.com
3529,wireshark.org
3530,instabug.com
3531,elstc.co
3532,custhelp.com
3533,aljazeera.net
3534,lazada.vn
3535,thetimes.com
3536,google.bg
3537,boltdns.net
3538,saasprotection.com
3539,globalcdn.co
3540,justia.com
3541,nbcuni.com
3542,sba.gov
3543,hqsw.ru
3544,gaijin.net
3545,xlgmedia.com
3546,king.com
3547,cvent.com
3548,classdojo.com
3549,news24.com
3550,tomsguide.com
3551,drugs.com
3552,codepen.io
3553,code.org
3554,wikibooks.org
3555,popularmechanics.com
3556,menshealth.com
3557,mediavitrina.ru
3558,freshchat.com
3559,buzzsprout.com
3560,celtra.com
3561,ko-fi.com
3562,cia.gov
3563,illumin.com
3564,nianticlabs.com
3565,moodle.com
3566,ctecdn.cn
3567,rqmob.com
3568,google.com.ph
3569,envato.market
3570,tradingeconomics.com
3571,traffmonetizer.com
3572,breitbart.com
3573,telkomhosting.com
3574,google.no
3575,nerdwallet.com
3576,bodis.com
3577,kahoot.it
3578,banki.ru
3579,mlstatic.com
3580,unep.org
3581,tdnsvod1.cn
3582,netsuite.com
3583,legacy.com
3584,rochester.edu
3585,metmuseum.org
3586,theknot.com
3587,zdxcloud.net
3588,news.cn
3589,barracuda.com
3590,scopus.com
3591,prestashop.com
3592,nbcuott.com
3593,uga.edu
3594,sportradarserving.com
3595,cpmstar.com
3596,activision.com
3597,ask.com
3598,nodacdn.net
3599,mhverifier.ru
3600,qiniudns.com
3601,mail.com
3602,bgdns.net
3603,nalog.ru
3604,brusnika.ru
3605,nicovideo.jp
3606,zscloud.net
3607,domaintools.com
3608,sportskeeda.com
3609,uefa.com
3610,alltrails.com
3611,dingtalk.com
3612,wordreference.com
3613,technorail.com
3614,pxf.io
3615,grammarlyaws.com
3616,moovitapp.com
3617,proof-dns.com
3618,media6degrees.com
3619,edx.org
3620,splunk.com
3621,uiowa.edu
3622,caltech.edu
3623,sundaysky.com
3624,hackaday.com
3625,samsungpositioning.com
3626,independent.ie
3627,samsungrs.com
3628,sliide.cloud
3629,beelinegprs.ru
3630,realsimple.com
3631,hotmart.com
3632,news18.com
3633,6sc.co
3634,zdf.de
3635,tnt-ea.com
3636,gamma.app
3637,cloudappsecurity.com
3638,ymmobi.com
3639,tvtropes.org
3640,google.com.eg
3641,wandera.com
3642,anyclip.com
3643,gimp.org
3644,colorlib.com
3645,ipcc.ch
3646,optimove.net
3647,vihub.ru
3648,pochta.ru
3649,gm.com
3650,zebra.com
3651,finam.ru
3652,lxdns.com
3653,sureserver.com
3654,softonic.com
3655,monday.com
3656,cmd.su
3657,sbixby.com
3658,posthog.com
3659,firebaseapp.com
3660,thespruce.com
3661,ueiwsp.com
3662,adscale.de
3663,google.com.my
3664,hstgr.net
3665,openxcdn.net
3666,archlinux.org
3667,shopee.ph
3668,fema.gov
3669,lenovo.com.cn
3670,mysterium.network
3671,arduino.cc
3672,bixbyllm.com
3673,smallpdf.com
3674,cbslocal.com
3675,ps.kz
3676,dominos.com
3677,ureca-lab.com
3678,truoptik.com
3679,t0x.net
3680,belkin.com
3681,namecheap.com
3682,space.com
3683,bahn.de
3684,tagesspiegel.de
3685,the-sun.com
3686,rzd.ru
3687,google.co.nz
3688,lua.org
3689,atl-paas.net
3690,nos.nl
3691,pavietnam.vn
3692,defense.gov
3693,knowbe4.com
3694,yg5sjx5kzy.com
3695,sinaimg.cn
3696,tfl.gov.uk
3697,statsigapi.net
3698,kolesa.kz
3699,adzerk.net
3700,1984.is
3701,wixdns.net
3702,orf.at
3703,dhgate.com
3704,hubapi.com
3705,themegrill.com
3706,appboy.com
3707,prreqcroab.icu
3708,meituan.net
3709,indiatoday.in
3710,chmfin.com
3711,poshmark.com
3712,archdaily.com
3713,zaloapp.com
3714,azureedge.us
3715,osha.gov
3716,xkcd.com
3717,treasuredata.com
3718,service-public.fr
3719,aptoide.com
3720,splunkdev.net
3721,qvdt3feo.com
3722,heapanalytics.com
3723,databricks.com
3724,pghub.io
3725,man7.org
3726,cookieyes.com
3727,cybertrust.com
3728,cdnhwczba04.com
3729,distmed.com
3730,crypto.com
3731,brown.edu
3732,cloudbirds.cn
3733,arlo.com
3734,shazam.com
3735,redcross.org
3736,logmein.com
3737,rtbhouse.com
3738,technoratimedia.com
3739,victoriassecret.com
3740,kit.com
3741,coupangcdn.com
3742,rylmtch.com
3743,familysearch.org
3744,digilocker.gov.in
3745,redis.io
3746,es.io
3747,rr.com
3748,parastorage.com
3749,symcd.com
3750,business-standard.com
3751,viafoura.co
3752,s-onetag.com
3753,suno.com
3754,over-blog.com
3755,freshworksapi.com
3756,lse.ac.uk
3757,depositphotos.com
3758,blackberry.com
3759,studentaid.gov
3760,hubspotusercontent-na1.net
3761,lilithgame.com
3762,obqj2.com
3763,experian.com
3764,boomplaymusic.com
3765,net-line.pro
3766,cgood.ru
3767,xincache.com
3768,sl.pt
3769,pcgamer.com
3770,naver.jp
3771,securityfocus.com
3772,saby.ru
3773,iu.edu
3774,pastelink.net
3775,vkvideo.ru
3776,piojm.tech
3777,barrons.com
3778,channel4.com
3779,sprinthost.net
3780,adweek.com
3781,caranddriver.com
3782,dynamic-dns.net
3783,intergient.com
3784,tn.gov
3785,qlogo.cn
3786,snowflake.com
3787,nordstrom.com
3788,bitwarden.com
3789,ulta.com
3790,mercurynews.com
3791,aviasales.com
3792,giex.ru
3793,lgthinq.com
3794,ruijienetworks.com
3795,sketchup.com
3796,wsu.edu
3797,spglobal.com
3798,admaster.cc
3799,paypalobjects.com
3800,shopee.com.my
3801,lifeaiot.com
3802,vcmdiawe.com
3803,gigya.com
3804,amnesty.org
3805,rusprofile.ru
3806,rte.ie
3807,google.ae
3808,clickup.com
3809,akadns88.net
3810,gamestop.com
3811,substackcdn.com
3812,dickssportinggoods.com
3813,iea.org
3814,humeysha.com
3815,platformaofd.ru
3816,answers.com
3817,tunein.com
3818,glulive.com
3819,arin.net
3820,eurekalert.org
3821,perl.com
3822,yp.to
3823,quillbot.com
3824,teslamotors.com
3825,claude.ai
3826,epenztargep.hu
3827,spreaker.com
3828,geocomply.com
3829,kzhi.tech
3830,virustotal.com
3831,ihc.ru
3832,uplynk.com
3833,moeys.gov.kh
3834,my.games
3835,tucows.com
3836,sentry-cdn.com
3837,popsci.com
3838,prweb.com
3839,ourworldindata.org
3840,dmcdn.net
3841,syndicatedsearch.goog
3842,dnacdn.net
3843,conn3ct.space
3844,ansa.it
3845,google.com.pk
3846,skysports.com
3847,mcusercontent.com
3848,reolink.com
3849,osano.com
3850,gq.com
3851,feednews.com
3852,withings.net
3853,ualberta.ca
3854,yolasite.com
3855,bankrate.com
3856,bingapis.com
3857,mongodb.net
3858,unity3dusercontent.com
3859,aol.co.uk
3860,stspg-customer.com
3861,sprig.com
3862,chip.de
3863,pinduoduo.com
3864,outlookindia.com
3865,ladsp.com
3866,brevo.com
3867,ns.ua
3868,southwest.com
3869,bb.com.br
3870,travelandleisure.com
3871,ouraring.com
3872,getadblock.com
3873,dssedge.com
3874,uwaterloo.ca
3875,sonicwall.com
3876,shopee.tw
3877,feishu.cn
3878,aeroflot.ru
3879,reverso.net
3880,backblaze.com
3881,onrender.com
3882,findlaw.com
3883,geforce.com
3884,opentable.com
3885,histats.com
3886,netis.cc
3887,nessus.org
3888,minepi.com
3889,nocookie.net
3890,liberation.fr
3891,exacttarget.com
3892,hgtv.com
3893,ziprecruiter.com
3894,dataprivacyframework.gov
3895,bidease.com
3896,podscribe.com
3897,ndr.de
3898,atlasobscura.com
3899,listdl.com
3900,politico.eu
3901,dion.ne.jp
3902,ev2-msedge.net
3903,dreamstime.com
3904,sjtu.edu.cn
3905,com.com
3906,centurygame.com
3907,ivideon.com
3908,merchant-center-analytics.goog
3909,teleboekhouden.nl
3910,lycos.com
3911,uscourts.gov
3912,boredpanda.com
3913,backblazeb2.com
3914,rei.com
3915,adfox.ru
3916,namebright.com
3917,federalregister.gov
3918,bell-labs.com
3919,bedbathandbeyond.com
3920,samsungads.com
3921,dutils.com
3922,hiyaapi.com
3923,worldcat.org
3924,likee.video
3925,ltmsphrcl.net
3926,ctadns.cn
3927,pub.network
3928,smartclip.net
3929,similarweb.com
3930,safecampus.live
3931,trkn.us
3932,stern.de
3933,leagueoflegends.com
3934,chrome.com
3935,eurodns.com
3936,skyrock.net
3937,shaw.ca
3938,ucloud.cn
3939,menlosecurity.com
3940,bngf.ru
3941,libero.it
3942,uscis.gov
3943,womenshealthmag.com
3944,easyjet.com
3945,wknd.ai
3946,yandex.com.tr
3947,morningstar.com
3948,rtcfront.net
3949,cquotient.com
3950,docusign.net
3951,emojipedia.org
3952,cafe24.com
3953,wargaming.net
3954,apple-mapkit.com
3955,ciscospark.com
3956,clinch.co
3957,bi.zone
3958,gcloudcs.com
3959,litres.ru
3960,insider.com
3961,sportingnews.com
3962,evgnet.com
3963,freedesktop.org
3964,findagrave.com
3965,lnk.to
3966,bytens.net
3967,serasa.com.br
3968,xhscapes.xyz
3969,topdns.me
3970,powerplatform.com
3971,taxssp.com
3972,google.com.sa
3973,hbs.edu
3974,umass.edu
3975,eye4.cn
3976,uc.cn
3977,dmca.com
3978,hola.org
3979,dbankcdn.cn
3980,fortnite.com
3981,penguinrandomhouse.com
3982,biglobe.ne.jp
3983,porno666.fo
3984,japantimes.co.jp
3985,michaels.com
3986,kroger.com
3987,tapclap.com
3988,clmbtech.com
3989,openweathermap.org
3990,chegg.com
3991,gjhyss.com
3992,aircanada.com
3993,techlab-cdn.com
3994,byteimg.com
3995,vapp-servers.com
3996,qualcomm.com
3997,binance.info
3998,fazenda.gov.br
3999,justpaste.it
4000,abtasty.com
4001,yomiuri.co.jp
4002,mosyle.com
4003,sway.com
4004,homestead.com
4005,eonline.com
4006,ss2.us
4007,outbrain.org
4008,prtimes.jp
4009,proquest.com
4010,hinet.net
4011,ow.ly
4012,anythinktech.com
4013,eatingwell.com
4014,iowa.gov
4015,1cfresh.com
4016,jcpenney.com
4017,financialexpress.com
4018,cdnwidget.com
4019,reverbnation.com
4020,gamesradar.com
4021,matillion.com
4022,clickmeeting.com
4023,raiffeisen.ru
4024,kbb.com
4025,polygon.com
4026,auctollo.com
4027,aliexpress.ru
4028,leetcode.com
4029,mca.gov.in
4030,nbcsports.com
4031,batch.com
4032,tildacdn.com
4033,disquscdn.com
4034,teacherspayteachers.com
4035,highwebmedia.com
4036,dattobackup.com
4037,cbse.gov.in
4038,warnermediacdn.com
4039,google.co.ve
4040,teachable.com
4041,itsupport247.net
4042,zoominfo.com
4043,zohocdn.com
4044,urban-vpn.com
4045,usf.edu
4046,ardmediathek.de
4047,midasplayer.cloud
4048,grammarly.net
4049,serveriai.lt
4050,aruba.it
4051,tappx.com
4052,queniusz.com
4053,pbskids.org
4054,scarabresearch.com
4055,ezvizru.com
4056,dotmetrics.net
4057,cardmarket.com
4058,talkie-ai.com
4059,speedtestcustom.com
4060,hdslb.com
4061,saasexch.com
4062,iastate.edu
4063,jivosite.com
4064,ohmy.bid
4065,amplifyapp.com
4066,dana.id
4067,2kcoretech.online
4068,uk.net
4069,xtracloud.cn
4070,threatlocker.com
4071,acorns.com
4072,tass.ru
4073,macrumors.com
4074,miamiherald.com
4075,ucsf.edu
4076,forticloud.com
4077,int08h.com
4078,vseinstrumenti.ru
4079,imageshack.com
4080,thekitchn.com
4081,myvzw.com
4082,dreame.tech
4083,barracudanetworks.com
4084,faa.gov
4085,4.cn
4086,greenhouse.io
4087,akasripcn.net
4088,abril.com.br
4089,growthbook.io
4090,afterpay.com
4091,churchofjesuschrist.org
4092,lahuashanbx.com
4093,aspnetcdn.com
4094,vioo.cc
4095,hubpages.com
4096,howtogeek.com
4097,thepoizon.ru
4098,xhmy.life
4099,jimdosite.com
4100,google.com.ec
4101,iotbing.com
4102,mynavi.jp
4103,southernliving.com
4104,sex-studentki.team
4105,appiancloud.com
4106,ustream.tv
4107,localytics.com
4108,hscollectedforms.net
4109,mintegral.com
4110,ebxcdn.com
4111,rediff.com
4112,threema.ch
4113,warthunder.com
4114,miibeian.gov.cn
4115,elespanol.com
4116,medtronic.com
4117,wsimg.com
4118,ripe.net
4119,aliexpress-media.com
4120,opensuse.org
4121,second-ns.de
4122,clinicaltrials.gov
4123,dynect.net
4124,infogram.com
4125,razer.com
4126,zooplus.io
4127,nifty.com
4128,yandex.kz
4129,postimg.cc
4130,loopia.se
4131,aditude.io
4132,scw.cloud
4133,shopifycloud.com
4134,google.com.do
4135,snssdk.com
4136,epam.com
4137,bbcgoodfood.com
4138,dbankcloud.asia
4139,mhlw.go.jp
4140,wondershare.com
4141,google.com.bd
4142,vwapps.io
4143,surriel.com
4144,yahoosandbox.net
4145,tcdnlive.com
4146,softbank.jp
4147,gazprombank.ru
4148,ahagamecenter.com
4149,bellsouth.net
4150,icio.us
4151,phpbb.com
4152,eloqua.com
4153,mpsuadv.ru
4154,romarg.com
4155,dmm.com
4156,vidio.com
4157,expressapisv2.net
4158,thesaurus.com
4159,pbxai.com
4160,aaa.com
4161,bunny.net
4162,vanderbilt.edu
4163,cwi.nl
4164,lululemon.com
4165,groupon.com
4166,xtracloud.net
4167,principal.com
4168,wikipedia.com
4169,tdatamaster.com
4170,zimperium.com
4171,terabox.com
4172,queniuyk.com
4173,kaltura.com
4174,parking.ru
4175,domain.com
4176,boardgamegeek.com
4177,viator.com
4178,whoop.com
4179,unhcr.org
4180,razorpay.com
4181,mainichi.jp
4182,wpscdn.com
4183,ap.org
4184,google.com.pr
4185,tile-api.com
4186,sina.com
4187,xundns.com
4188,corpinter.net
4189,mango-office.ru
4190,vaticannews.va
4191,techsmith.com
4192,goal5.co
4193,vmailru.net
4194,sng.link
4195,chosun.com
4196,a1q7.net
4197,cbse.nic.in
4198,mercari.com
4199,bleacherreport.com
4200,federalreserve.gov
4201,shopee.co.th
4202,coindesk.com
4203,ilsole24ore.com
4204,moatads.com
4205,japanpost.jp
4206,mimecast.net
4207,fn-pz.com
4208,tclking.com
4209,videonow.ru
4210,playtime.com.ph
4211,colostate.edu
4212,squid-cache.org
4213,sports.ru
4214,walmartimages.com
4215,coxautoinc.com
4216,tomshardware.com
4217,jito.wtf
4218,ctrip.com
4219,tilda.ws
4220,edgedns-tm.info
4221,bytelb.com
4222,mcx.ru
4223,aws.com
4224,appboycdn.com
4225,365scores.com
4226,unfccc.int
4227,bcebos.com
4228,youngjoygame.com
4229,unam.mx
4230,sony.tv
4231,newegg.com
4232,mktoresp.com
4233,virginia.gov
4234,simontokx.asia
4235,amazon.ae
4236,appnext.com
4237,gameloft.com
4238,gwu.edu
4239,fsu.edu
4240,webcontentassessor.com
4241,alarabiya.net
4242,os-lb.com
4243,thenextweb.com
4244,glance-cdn.com
4245,trulia.com
4246,computerworld.com
4247,raspberrypi.org
4248,googleoptimize.com
4249,alexa.com
4250,fisglobal.com
4251,zimbra.com
4252,buffer.com
4253,e-recht24.de
4254,remotepc.com
4255,dianping.com
4256,habr.com
4257,gov.ru
4258,tcgplayer.com
4259,livechat.com
4260,emailvision.net
4261,metoffice.gov.uk
4262,google.com.ng
4263,abbott.com
4264,af.mil
4265,radiopotok.ru
4266,5movierulz.srl
4267,aif.ru
4268,cognitivlabs.com
4269,a2hosting.com
4270,justwatch.com
4271,acer.com
4272,vkuserphoto.ru
4273,uniview.com
4274,draftkings.com
4275,rfi.fr
4276,bluecava.com
4277,ondemand.com
4278,tnresults.nic.in
4279,gist.build
4280,lifewire.com
4281,xinnet.com
4282,flipsnack.com
4283,8moviesda.net
4284,wordfence.com
4285,hdhub4u.football
4286,apachelounge.com
4287,bustle.com
4288,sfr.fr
4289,hostingradio.ru
4290,hdhub4u.frl
4291,amung.us
4292,elfsight.com
4293,apnic.net
4294,operacdn.com
4295,spectrum.net
4296,cengage.com
4297,filmyzilla11.com
4298,pa.gov
4299,laracasts.com
4300,bappam.fans
4301,bt.net
4302,g2.com
4303,lfscnp.com
4304,5movierulz.haus
4305,mwscdn.ru
4306,docusign.com
4307,hellomagazine.com
4308,lightboxcdn.com
4309,jwpsrv.com
4310,kxcdn.com
4311,sfsd.fr
4312,pku.edu.cn
4313,tinkercad.com
4314,coomer.su
4315,bytedns3.com
4316,filmyfly.date
4317,filmyfly.stream
4318,wp.me
4319,hereapi.com
4320,searchengineland.com
4321,blacktoon370.com
4322,nrk.no
4323,51.la
4324,index.hu
4325,tplinkra.com
4326,ec-lyon.fr
4327,meteoblue.com
4328,propublica.org
4329,termly.io
4330,felenasoft.com
4331,interactgo.com
4332,peatix.com
4333,pixlr.com
4334,ajax.systems
4335,mac.com
4336,instana.io
4337,126.net
4338,lynk.id
4339,venmo.com
4340,alamy.com
4341,foreignpolicy.com
4342,dotnxdomain.net
4343,blacktoon368.com
4344,atom.com
4345,ultradns.net
4346,tractorsupply.com
4347,centurylink.net
4348,wwsga.me
4349,sberbank-tele.com
4350,purl.org
4351,mensjournal.com
4352,modrinth.com
4353,homes.com
4354,browserautomation.io
4355,linecorp.com
4356,xboxab.com
4357,bldrdoc.gov
4358,cnil.fr
4359,db.com
4360,mailgun.net
4361,mariadb.org
4362,collider.com
4363,anu.edu.au
4364,ebay.ca
4365,lu.se
4366,realestate.com.au
4367,superbet.ro
4368,zlib.net
4369,udel.edu
4370,mobilityware.com
4371,boutell.com
4372,novo-sibirsk.ru
4373,heytapdownload.com
4374,farfetch.com
4375,azure.us
4376,baishan-cloud.net
4377,vecteezy.com
4378,cnrs.fr
4379,volvocars.com
4380,twtrdns.net
4381,jivo.ru
4382,keenetic.ru
4383,zuimeitianqi.com
4384,keenetic.link
4385,cbrpay.ru
4386,bzsn.ru
4387,cdn-cookieyes.com
4388,boutell.co.uk
4389,fraunhofer.de
4390,washingtontimes.com
4391,mojang.com
4392,dns-tm.com
4393,nj.com
4394,ebay.com.au
4395,adyen.com
4396,ad-stir.com
4397,gnome.org
4398,oxfordjournals.org
4399,beta-bank.ru
4400,priceline.com
4401,kustomerapp.com
4402,imolive2.com
4403,strato.de
4404,ipvanish.com
4405,iptv2022.com
4406,dramaboxdb.com
4407,ensighten.com
4408,coveo.com
4409,tabletcaptiveportal.com
4410,byu.edu
4411,quad9.net
4412,syncthing.net
4413,linkr.bio
4414,sky.it
4415,simply.com
4416,ct.gov
4417,rttv.ru
4418,cricketwireless.com
4419,pdffiller.com
4420,kampyle.com
4421,qihucdn.com
4422,tiktokpangle.us
4423,theregister.co.uk
4424,veeam.com
4425,blogspot.de
4426,transip.nl
4427,unsw.edu.au
4428,derstandard.at
4429,yutex.ru
4430,myworkdayjobs.com
4431,rudderlabs.com
4432,periscope.store
4433,dual-s-dc-msedge.net
4434,routledge.com
4435,siftscience.com
4436,vizio.com
4437,fox.com
4438,streamable.com
4439,marksandspencer.com
4440,callofduty.com
4441,legislation.gov.uk
4442,particlenews.com
4443,google.com.gt
4444,on.net
4445,ltguevmavv.com
4446,huffingtonpost.co.uk
4447,newsroom.bi
4448,kameleoon.eu
4449,adspower.net
4450,mheducation.com
4451,impression.link
4452,pch.com
4453,premierleague.com
4454,doxygen.org
4455,pinterest.co.uk
4456,hisavana.com
4457,wscdns.com
4458,hik-online.com
4459,cointelegraph.com
4460,msn.cn
4461,att-idns.net
4462,bouncex.net
4463,neilpatel.com
4464,admhmao.ru
4465,ettdnsv.com
4466,newgrounds.com
4467,pbase.com
4468,qvc.com
4469,ubs.com
4470,wampserver.com
4471,uic.edu
4472,cms.gov
4473,google.iq
4474,estadao.com.br
4475,judge.me
4476,next.co.uk
4477,www.gov.pl
4478,todoist.com
4479,rosneft.ru
4480,cars.com
4481,telstra.com
4482,insurads.com
4483,castbox.fm
4484,aqsi.ru
4485,skyscanner.net
4486,dallasnews.com
4487,swr.de
4488,wpadmngr.com
4489,edmunds.com
4490,marinetraffic.com
4491,galaxy-cdn.com
4492,kaiserpermanente.org
4493,likee.com
4494,reference.com
4495,nazwa.pl
4496,businessweek.com
4497,vivint.ai
4498,swishapps.ai
4499,ebaystatic.com
4500,uubb.website
4501,my-force-user-content.com
4502,bilivideo.com
4503,livedns.co.uk
4504,vonedge.com
4505,abb.com
4506,usmagazine.com
4507,brinkpos.net
4508,codeium.com
4509,rustdesk.com
4510,gitee.com
4511,247sports.com
4512,indriverapp.com
4513,grok.com
4514,getbeamer.com
4515,tubi.video
4516,openoffice.org
4517,joinmassive.com
4518,govdelivery.com
4519,20minutes.fr
4520,megapbx.ru
4521,omniroot.com
4522,consentmanager.net
4523,thunderbird.net
4524,acint.net
4525,worldometers.info
4526,siemens.de
4527,adapty.io
4528,mipn-solutions.net
4529,sciencealert.com
4530,icq.com
4531,sfmc-content.com
4532,acobt.tech
4533,home.blog
4534,in.net
4535,pro-market.net
4536,savefrom.net
4537,thomsonreuters.co.uk
4538,allianz.com
4539,usp.br
4540,wallpapers.com
4541,my-salesforce-hub.com
4542,tru.am
4543,libpng.org
4544,kia.com
4545,adsensecustomsearchads.com
4546,mailerlite.com
4547,casio.com
4548,v-videoapp.com
4549,app-us1.com
4550,preply.com
4551,schoology.com
4552,playtika.com
4553,lastampa.it
4554,qq.com.cn
4555,handelsblatt.com
4556,dhl.de
4557,uservoice.com
4558,rozetka.com.ua
4559,thomsonreuters.net
4560,ztomy.com
4561,gitv.tv
4562,sndcdn.com
4563,wwiops.io
4564,mo.gov
4565,cdn-vk.ru
4566,interfax.ru
4567,prf.hn
4568,nj.gov
4569,jooble.org
4570,uninet.net.mx
4571,pingdom.net
4572,contextualadv.com
4573,redgifs.com
4574,amazon.se
4575,architecturaldigest.com
4576,storygize.net
4577,timesnownews.com
4578,appiersig.com
4579,rice.edu
4580,loggly.com
4581,producthunt.com
4582,benzinga.com
4583,cdnhwc10.cn
4584,linklist.bio
4585,europapress.es
4586,browser-intake-us5-datadoghq.com
4587,azure-dns.info
4588,pagesix.com
4589,xiaoyi.com
4590,activemetering.com
4591,swiftserve.com
4592,fnac.com
4593,razerzone.com
4594,parents.com
4595,cisa.gov
4596,tinder.com
4597,rome2rio.com
4598,self.com
4599,firstbytedns.net
4600,etoote.com
4601,c-msedge.net
4602,homegate.ch
4603,gfx.ms
4604,diigo.com
4605,kandji.io
4606,backtrace.io
4607,ucloud.com.cn
4608,us.org
4609,cargurus.com
4610,smartproxy.com
4611,nsf.gov
4612,hubspotemail.net
4613,nd.edu
4614,eufylife.com
4615,denverpost.com
4616,pscp.tv
4617,hyprmx.com
4618,pavv.co.kr
4619,simplisafe.com
4620,dexcom.com
4621,searchenginejournal.com
4622,idealo.de
4623,ponyexpress.tech
4624,domru.ru
4625,worldtimeserver.com
4626,dyndns.com
4627,upi.com
4628,kingsgroupgames.com
4629,zohopublic.com
4630,hyundai.com
4631,paycomonline.net
4632,sb-cd.com
4633,deccanherald.com
4634,jdcache.com
4635,softpedia.com
4636,theepochtimes.com
4637,aliexpress.us
4638,vnn.vn
4639,google.sk
4640,blueconic.net
4641,wowhead.com
4642,zee5.com
4643,reasonsecurity.com
4644,nespresso.com
4645,eia.gov
4646,verisign.net
4647,survicate.com
4648,pantheonsite.io
4649,pragmaticplaylive.net
4650,tritondigital.com
4651,ahajournals.org
4652,letsmessagenow.com
4653,d-net.pro
4654,asuscomm.com
4655,uq.edu.au
4656,hardened-php.net
4657,pure.cloud
4658,dwin1.com
4659,nationalacademies.org
4660,narvar.com
4661,sape.ru
4662,cnr.it
4663,pbstck.com
4664,snaptube.app
4665,memcached.org
4666,eldiario.es
4667,britishcouncil.org
4668,varonis.io
4669,iseeme.com
4670,everydayhealth.com
4671,hashicorp.com
4672,kundelik.kz
4673,tmdb.org
4674,pushd.com
4675,arkoselabs.com
4676,queniusy.com
4677,jp.net
4678,blogspot.ca
4679,auth0app.com
4680,imotech.tech
4681,nakheelteam.cc
4682,ibtimes.com
4683,star4live.com
4684,edu-servers.net
4685,mokka.ru
4686,hrzn-nxt.com
4687,ama-assn.org
4688,kraken.com
4689,startribune.com
4690,liveinternet.ru
4691,shareasale.com
4692,snowflakecomputing.com
4693,csmonitor.com
4694,o3.ru
4695,20min.ch
4696,navdmp.com
4697,dev.to
4698,bsky.network
4699,sharechat.com
4700,stabletransit.com
4701,douyinpic.com
4702,smule.com
4703,ucoz.net
4704,oppo.com
4705,thescore.com
4706,zscaler.com
4707,gazeta.ru
4708,hosted-by-discourse.com
4709,tradedoubler.com
4710,libp2p.direct
4711,prismaaccess.com
4712,swiggy.com
4713,pcre.org
4714,weborama-tech.ru
4715,paychex.com
4716,browser-intake-datadoghq.eu
4717,anthropic.com
4718,samsungotn.net
4719,lazybumblebee.com
4720,naorisprotocol.network
4721,iqzone.com
4722,trpcdn.net
4723,dcloudstc.com
4724,farpost.ru
4725,mydomaincontact.com
4726,immobilienscout24.de
4727,wikiquote.org
4728,goethe.de
4729,amazon.nl
4730,jedox.com
4731,dnspod.com
4732,cdn-tinkoff.ru
4733,srmdata.com
4734,msdn.com
4735,githubcopilot.com
4736,proxmox.com
4737,blackboard.com
4738,weathercn.com
4739,therealreal.com
4740,ximalaya.com
4741,knowyourmeme.com
4742,grab.com
4743,study.com
4744,desync.com
4745,adskeeper.com
4746,harborfreight.com
4747,msdmanuals.com
4748,brdtnet.com
4749,sina.cn
4750,bdurl.net
4751,uw.edu
4752,goodrx.com
4753,wsukwai.com
4754,honeygain.com
4755,iso.ch
4756,pin.it
4757,svt.se
4758,monetate.net
4759,mass.gov
4760,gopro.com
4761,sardine.ai
4762,comicbook.com
4763,emergetools.com
4764,spec.org
4765,eclipse.org
4766,ndcpp.com
4767,blender.org
4768,zomato.com
4769,azcentral.com
4770,dtscout.com
4771,defybrick.com
4772,ucsc.edu
4773,apartments.com
4774,gazeta.pl
4775,fotor.com
4776,thetrainline.com
4777,samsara.com
4778,awin1.com
4779,disney-plus.net
4780,bitchute.com
4781,elementor.com
4782,gitlab.io
4783,gzip.org
4784,torproject.org
4785,eastmoney.com
4786,siteforce.com
4787,link.space
4788,farlightgames.com
4789,ghost.org
4790,justgiving.com
4791,microsoft365.com
4792,sniffies.com
4793,tbs.co.jp
4794,wtxcdn.com
4795,pearson.com
4796,hurriyet.com.tr
4797,emirates.com
4798,pointtoserver.com
4799,mexc.com
4800,mediahils.ru
4801,hdfcbank.com
4802,ck-ie.com
4803,tpbid.com
4804,firstvds.ru
4805,ghostery.com
4806,douyinvod.com
4807,honda.com
4808,turnitin.com
4809,telecomitalia.it
4810,owhealth.com
4811,mercadopago.com.br
4812,queniutc.com
4813,midea.com.cn
4814,gcd-dns.com
4815,minecraft-services.net
4816,blackspider.com
4817,gdms.cloud
4818,blackline.com
4819,boeing.com
4820,appfolio.com
4821,yuewen.cn
4822,xda-developers.com
4823,myworkday.com
4824,wetteronline.de
4825,fujitsu.com
4826,bom.gov.au
4827,bannerflow.net
4828,abebooks.com
4829,mobilegamestats.com
4830,yougile.com
4831,widgetable.net
4832,freetype.org
4833,okko.tv
4834,smartnews-ads.com
4835,acsbapp.com
4836,libreview.io
4837,gta5-mods.com
4838,in.gov
4839,config-security.com
4840,eltiempo.com
4841,mrktmtrcs.net
4842,securitytrails.com
4843,itunes.com
4844,xmlsoft.org
4845,gmarket.co.kr
4846,mangadex.org
4847,gamerant.com
4848,salesforce-scrt.com
4849,bangcdn.net
4850,manageengine.com
4851,petfinder.com
4852,freshworks.com
4853,yadro.ru
4854,respawn.com
4855,radio-canada.ca
4856,fandango.com
4857,adsappier.com
4858,zappos.com
4859,nexx360.io
4860,walmart.ca
4861,rima-tde.net
4862,temp-mail.org
4863,cdnhwc7.com
4864,capisci.nl
4865,zencdn.net
4866,coupahost.com
4867,algolianet.com
4868,bigdatacloud.net
4869,bentley.com
4870,bluekai.com
4871,leroymerlin.com
4872,filezilla-project.org
4873,aliapp.org
4874,gotomeeting.com
4875,mijia.tech
4876,enphaseenergy.com
4877,eater.com
4878,techrepublic.com
4879,enlightenment.org
4880,youdao.com
4881,midjourney.com
4882,sicredi.com.br
4883,mobiuspace.net
4884,usbank.com
4885,amazonsilk.com
4886,ventraip.net.au
4887,byteeffecttos-g.com
4888,plutotv.net
4889,dnsv.jp
4890,ecukwai.com
4891,srf.ch
4892,bible.com
4893,webengage.com
4894,unicomcdn.com.cn
4895,4dvertible.com
4896,kinghost.com.br
4897,trafficjunky.com
4898,flysleep.cn
4899,betterhelp.com
4900,youboranqs01.com
4901,carmax.com
4902,u-tokyo.ac.jp
4903,carnival.com
4904,mercadopago.com
4905,backupify.com
4906,oregonlive.com
4907,samsung-dict.com
4908,managed-vps.net
4909,qh-cdn.com
4910,onlamp.com
4911,clover.com
4912,jal.co.jp
4913,johnlewis.com
4914,compass.com
4915,ihrhls.com
4916,convertkit.com
4917,bls.dev
4918,tripadvisor.in
4919,bluestacks.com
4920,elcorteingles.es
4921,michigan.gov
4922,dr.dk
4923,canadiantire.ca
4924,kayak.com
4925,elevenlabs.io
4926,cloudflarestatus.com
4927,op.gg
4928,clearnview.com
4929,queue-it.net
4930,nber.org
4931,frameo.net
4932,mediaset.it
4933,carrd.co
4934,aclu.org
4935,unisoc.com
4936,1337x.to
4937,infoseek.co.jp
4938,fireoscaptiveportal.com
4939,emarketer.com
4940,sendsay.ru
4941,acast.com
4942,arcpublishing.com
4943,videoamp.com
4944,pgoriginad.com
4945,p-n.io
4946,campaign-archive.com
4947,metal-archives.com
4948,webdav.org
4949,channelnewsasia.com
4950,s5h.net
4951,radiofrance.fr
4952,yospace.com
4953,freep.com
4954,rae.es
4955,dartmouth.edu
4956,metricswpsh.com
4957,cleverwebserver.com
4958,matchtv.ru
4959,webnovel.com
4960,hindawi.com
4961,wuporg.com
4962,fitanalytics.com
4963,transmissionbt.com
4964,edurm.ru
4965,nus.edu.sg
4966,tripledotapi.com
4967,getpostman.com
4968,mydlink.com
4969,mufg.jp
4970,overleaf.com
4971,sanity.io
4972,myportfolio.com
4973,justanswer.com
4974,azurerms.com
4975,exodus.io
4976,pchome.com.tw
4977,buffalo.edu
4978,moma.org
4979,telstra.net
4980,bcg.com
4981,azure-dns.org
4982,yr.no
4983,bereal.com
4984,awsapprunner.com
4985,uu.nl
4986,argos.co.uk
4987,oktacdn.com
4988,cntraveler.com
4989,bidderstack.com
4990,nationalarchives.gov.uk
4991,chime.aws
4992,1e100.net
4993,themsic.com
4994,pyrus.com
4995,second-ns.com
4996,ecombdapi.com
4997,e5.sk
4998,awstrack.me
4999,uni.rest
5000,vinted.fr
